Tên thẻ a,Link href
Art History,https://www.thriftbooks.com/b/art-history/
Calligraphy,https://www.thriftbooks.com/b/calligraphy/
Drawing,https://www.thriftbooks.com/b/drawing/
Fashion,https://www.thriftbooks.com/b/fashion-design/
Film,https://www.thriftbooks.com/b/film/
Shop All,https://www.thriftbooks.com/b/arts-and-photography/
Ethnic & Cultural,https://www.thriftbooks.com/b/ethnic-and-cultural-biographies/
Europe,https://www.thriftbooks.com/b/european-biographies/
Historical,https://www.thriftbooks.com/b/historical-biographies/
Leaders & Notable People,https://www.thriftbooks.com/b/leaders-and-notable-people-biographies/
Military,https://www.thriftbooks.com/b/military-biographies/
Shop All,https://www.thriftbooks.com/b/biographies-and-memoirs/
Careers,https://www.thriftbooks.com/b/job-hunting-and-career/
Economics,https://www.thriftbooks.com/b/economics/
Finance,https://www.thriftbooks.com/b/accounting-and-finance/
Industries,https://www.thriftbooks.com/b/industries-and-professions/
International,https://www.thriftbooks.com/b/international-business/
Shop All,https://www.thriftbooks.com/b/business-and-investing/
Comic Books,https://www.thriftbooks.com/b/comic/
Comic Strips,https://www.thriftbooks.com/b/comic-strip/
Dark Horse,https://www.thriftbooks.com/b/dark-horse/
DC Comics,https://www.thriftbooks.com/b/dc-comics/
Fantasy,https://www.thriftbooks.com/b/fantasy-graphic-novels/
Shop All,https://www.thriftbooks.com/b/comics-and-graphic-novels/
Apple,https://www.thriftbooks.com/b/apple/
CAD,https://www.thriftbooks.com/b/cad/
Certification,https://www.thriftbooks.com/b/certification/
Computer Science,https://www.thriftbooks.com/b/computer-science/
Databases,https://www.thriftbooks.com/b/database/
Shop All,https://www.thriftbooks.com/b/computers-and-technology/
Asian,https://www.thriftbooks.com/b/asian-cooking/
Baking,https://www.thriftbooks.com/b/baking/
BBQ,https://www.thriftbooks.com/b/bbq-and-grilling/
Culinary Arts,https://www.thriftbooks.com/b/culinary-arts/
Desserts,https://www.thriftbooks.com/b/dessert/
Shop All,https://www.thriftbooks.com/b/cookbooks-food-and-wine/
Almanacs & Yearbooks,https://www.thriftbooks.com/b/almanacs-and-year/
Atlases & Maps,https://www.thriftbooks.com/b/atlases-and-maps/
Catalogs,https://www.thriftbooks.com/b/catalogs-and-directory/
Colleges,https://www.thriftbooks.com/b/college-and-university/
Continuing Education,https://www.thriftbooks.com/b/adult-and-continuing-education/
Shop All,https://www.thriftbooks.com/b/education-and-reference/
Brain Teasers,https://www.thriftbooks.com/b/logic-and-brain-teaser/
Entertainers,https://www.thriftbooks.com/b/entertainers/
Games,https://www.thriftbooks.com/b/game/
Humor,https://www.thriftbooks.com/b/humor/
Movies,https://www.thriftbooks.com/b/movie/
Shop All,https://www.thriftbooks.com/b/humor-and-entertainment/
Biographies,https://www.thriftbooks.com/b/lgbtq-biographies/
Family,https://www.thriftbooks.com/b/lgbtq-family/
History,https://www.thriftbooks.com/b/lgbtq-history/
Lesbian,https://www.thriftbooks.com/b/lesbian/
LGBTQ+ Books,https://www.thriftbooks.com/b/lgbtq/
Shop All,https://www.thriftbooks.com/b/gay-and-lesbian/
Aging,https://www.thriftbooks.com/b/aging/
Alternative Medicine,https://www.thriftbooks.com/b/alternative-medicine/
"Beauty, Grooming & Style",https://www.thriftbooks.com/b/beauty-grooming-and-style/
Children's Health,https://www.thriftbooks.com/b/childrens-health/
Disease & Ailments,https://www.thriftbooks.com/b/diseases-and-physical-ailments/
Shop All,https://www.thriftbooks.com/b/health-fitness-and-dieting/
African,https://www.thriftbooks.com/b/african-history/
Ancient,https://www.thriftbooks.com/b/ancient-history/
Asian,https://www.thriftbooks.com/b/asian-history/
Black History,https://www.thriftbooks.com/b/black-history/
Canadian,https://www.thriftbooks.com/b/canadian-history/
Shop All,https://www.thriftbooks.com/b/history/
Antiques,https://www.thriftbooks.com/b/antique/
Clay,https://www.thriftbooks.com/b/clay/
Collecting,https://www.thriftbooks.com/b/collecting/
Fashion,https://www.thriftbooks.com/b/fashion/
Jewelry Making,https://www.thriftbooks.com/b/jewelry-making/
Shop All,https://www.thriftbooks.com/b/crafts-hobbies-and-home/
Architecture,https://www.thriftbooks.com/b/architecture/
Flowers,https://www.thriftbooks.com/b/flower/
Fruit,https://www.thriftbooks.com/b/fruit/
Home Decorating,https://www.thriftbooks.com/b/home-decorating/
Home Improvement,https://www.thriftbooks.com/b/home-improvement/
Shop All,https://www.thriftbooks.com/b/home-and-garden/
Ghosts,https://www.thriftbooks.com/b/ghost/
Paranormal,https://www.thriftbooks.com/b/paranormal/
Supernatural,https://www.thriftbooks.com/b/supernatural/
Vampires,https://www.thriftbooks.com/b/vampire/
Zombies,https://www.thriftbooks.com/b/zombie/
Shop All,https://www.thriftbooks.com/b/horror/
Action & Adventure,https://www.thriftbooks.com/b/action-and-adventure-for-children/
"Activities, Crafts & Games",https://www.thriftbooks.com/b/activity-craft-and-game/
Activity Books,https://www.thriftbooks.com/b/activity/
Animals,https://www.thriftbooks.com/b/childrens-animal/
Animals,https://www.thriftbooks.com/b/childrens-animal-books/
Shop All,https://www.thriftbooks.com/b/childrens-books/
Anthologies,https://www.thriftbooks.com/b/anthologies-and-literary-collections/
Classics,https://www.thriftbooks.com/b/classic/
Contemporary,https://www.thriftbooks.com/b/contemporary-literature/
Foreign Language,https://www.thriftbooks.com/b/foreign-language-fiction/
Genre Fiction,https://www.thriftbooks.com/b/genre-fiction/
Shop All,https://www.thriftbooks.com/b/literature-and-fiction/
Administration,https://www.thriftbooks.com/b/administration-and-policy/
Allied Health,https://www.thriftbooks.com/b/allied-health-profession/
Basic Sciences,https://www.thriftbooks.com/b/basic-science/
Clinical,https://www.thriftbooks.com/b/clinical/
Dentistry,https://www.thriftbooks.com/b/dentistry/
Shop All,https://www.thriftbooks.com/b/medical-books/
Conspiracy,https://www.thriftbooks.com/b/conspiracy/
Crime,https://www.thriftbooks.com/b/crime/
Detective,https://www.thriftbooks.com/b/detective/
Mysteries,https://www.thriftbooks.com/b/mystery/
Suspense,https://www.thriftbooks.com/b/suspense/
Shop All,https://www.thriftbooks.com/b/mystery-thriller-and-suspense/
Adoption,https://www.thriftbooks.com/b/adoption/
Aging Parents,https://www.thriftbooks.com/b/aging-parent/
Child Care,https://www.thriftbooks.com/b/babysitting-day-care-and-child-care/
Family Activities,https://www.thriftbooks.com/b/family-activity/
Family Health,https://www.thriftbooks.com/b/family-health/
Shop All,https://www.thriftbooks.com/b/parenting-and-relationships/
Agnosticism,https://www.thriftbooks.com/b/agnosticism/
Astrology,https://www.thriftbooks.com/b/astrology/
Atheism,https://www.thriftbooks.com/b/atheism/
Buddhism,https://www.thriftbooks.com/b/buddhism/
Christian,https://www.thriftbooks.com/b/christian-books-and-bibles/
Shop All,https://www.thriftbooks.com/b/religion-and-spirituality/
Anthologies,https://www.thriftbooks.com/b/romantic-anthologies/
Contemporary,https://www.thriftbooks.com/b/contemporary-romance/
Erotica,https://www.thriftbooks.com/b/erotica/
Fantasy,https://www.thriftbooks.com/b/romantic-fantasy/
Gothic,https://www.thriftbooks.com/b/romantic-gothic/
Shop All,https://www.thriftbooks.com/b/romance/
Action,https://www.thriftbooks.com/b/action-and-adventure/
Anthologies,https://www.thriftbooks.com/b/sci-fi-anthologies/
Coming of Age,https://www.thriftbooks.com/b/coming-of-age-sci-fi/
Dark Fantasy,https://www.thriftbooks.com/b/dark-fantasy/
Fantasy,https://www.thriftbooks.com/b/fantasy/
Shop All,https://www.thriftbooks.com/b/science-fiction-and-fantasy/
Agricultural Sciences,https://www.thriftbooks.com/b/agricultural-sciences/
Anatomy,https://www.thriftbooks.com/b/anatomy-and-physiology/
Animals,https://www.thriftbooks.com/b/animal/
Astronomy,https://www.thriftbooks.com/b/astronomy/
Biology,https://www.thriftbooks.com/b/biology/
Shop All,https://www.thriftbooks.com/b/science-and-math/
Abuse,https://www.thriftbooks.com/b/abuse/
Addictions,https://www.thriftbooks.com/b/addiction/
Anger Management,https://www.thriftbooks.com/b/anger-management/
Anxieties & Phobias,https://www.thriftbooks.com/b/anxiety-and-phobia/
Creativity,https://www.thriftbooks.com/b/creativity/
Shop All,https://www.thriftbooks.com/b/self-help/
Anarchy,https://www.thriftbooks.com/b/anarchy/
Canadian Politics,https://www.thriftbooks.com/b/canadian-politics/
Civil Rights,https://www.thriftbooks.com/b/civil-rights/
Comparative Politics,https://www.thriftbooks.com/b/comparative-politics/
Cultural,https://www.thriftbooks.com/b/cultural/
Shop All,https://www.thriftbooks.com/b/politics-and-social-sciences/
Baseball & Softball,https://www.thriftbooks.com/b/baseball-and-softball/
Basketball,https://www.thriftbooks.com/b/basketball/
Boating & Sailing,https://www.thriftbooks.com/b/boating-and-sailing/
Camping,https://www.thriftbooks.com/b/camping/
Extreme Sports,https://www.thriftbooks.com/b/extreme-sports/
Shop All,https://www.thriftbooks.com/b/sports-and-outdoors/
Being a Teen,https://www.thriftbooks.com/b/being-a-teen/
Fantasy,https://www.thriftbooks.com/b/teen-fantasy/
Historical Fiction,https://www.thriftbooks.com/b/teen-historical-fiction/
Hobbies,https://www.thriftbooks.com/b/teen-hobbies/
Horror,https://www.thriftbooks.com/b/teen-horror/
Shop All,https://www.thriftbooks.com/b/teen-and-young-adult/
Africa,https://www.thriftbooks.com/b/african-travel/
Asia,https://www.thriftbooks.com/b/asian-travel/
Canada,https://www.thriftbooks.com/b/canadian-travel/
Caribbean,https://www.thriftbooks.com/b/caribbean-travel/
Europe,https://www.thriftbooks.com/b/european-travel/
Shop All,https://www.thriftbooks.com/b/travel/
Criminal Law,https://www.thriftbooks.com/b/criminal-law/
Famous Criminals,https://www.thriftbooks.com/b/famous-criminal/
Murder & Mayhem,https://www.thriftbooks.com/b/murder-and-mayhem/
Organized Crime,https://www.thriftbooks.com/b/organized-crime/
Serial Killers,https://www.thriftbooks.com/b/serial-killer/
Shop All,https://www.thriftbooks.com/b/true-crime/
Native American,https://www.thriftbooks.com/b/native-american/
Shop All,https://www.thriftbooks.com/b/westerns/
ReadingRewards,https://www.thriftbooks.com/readingrewards/
Teacher Discount,https://www.thriftbooks.com/s/teachers/
Tell-a-Friend,https://www.thriftbooks.com/tell-a-friend/
Gift Cards,https://www.thriftbooks.com/giftcard/
Free Shipping,https://www.thriftbooks.com/s/free-shipping/
ThriftBooks Deals,https://www.thriftbooks.com/b/thriftbooks-deals/
Large Print,https://www.thriftbooks.com/b/large-print/
Collectibles,https://www.thriftbooks.com/b/collectibles/
First Editions,https://www.thriftbooks.com/browse/?b.search=#b.first&b.list
Signed Copies,https://www.thriftbooks.com/browse/?b.search=#b.list&b.sign
Testimonials,https://www.thriftbooks.com/testimonials.aspx
Blog,https://www.thriftbooks.com/blog/
Terms of Use,https://www.thriftbooks.com/terms-of-use/
Privacy Policy,https://www.thriftbooks.com/privacy-policy/
