Title,Link
BÚT GEL DELI HÌNH MÈO 0.5mm,https://vppdeli.vn/san-pham/but-gel-deli-hinh-meo-0-5mm/
CHÌ MÀU NHỰA 12 MÀU EC112-12,https://vppdeli.vn/san-pham/chi-mau-nhua-12-mau-ec112-12/
BÚT CHÌ 12 MÀU EC00205,https://vppdeli.vn/san-pham/but-chi-12-mau-ec00205/
BÚT CHÌ 72 MÀU HỘP THIẾC FINENOLO,https://vppdeli.vn/san-pham/but-chi-72-mau-hop-thiec-finenolo/
BÚT DẠ BẢNG BÉ DELI EU00630,https://vppdeli.vn/san-pham/but-da-bang-be-deli-eu00630/
BÚT DẠ BẢNG DELI EU00520,https://vppdeli.vn/san-pham/but-da-bang-deli-eu00520/
BÚT BI DELI ĐẦU NẮP ĐẬY ARROW 0.5mm EQ00820,https://vppdeli.vn/san-pham/but-bi-deli-dau-nap-day-arrow-0-5mm-eq00820/
BÚT BI DELI ĐẬY NẮP EQ6C,https://vppdeli.vn/san-pham/but-bi-deli-day-nap-eq6c/
BÚT BI DELI CQ29,https://vppdeli.vn/san-pham/but-bi-deli-cq29/
BÚT BI DELI 0.5mm CQ28,https://vppdeli.vn/san-pham/but-bi-deli-0-5mm-cq28/
BÌA CÒNG DELI FC 9CM WF804-BL,https://vppdeli.vn/san-pham/bia-cong-deli-fc-9cm-wf804-bl/
BÌA CÒNG A4 DELI 7CM W38179,https://vppdeli.vn/san-pham/bia-cong-a4-deli-7cm-w38179/
BÌA CÒNG A4 DELI 5CM W38178,https://vppdeli.vn/san-pham/bia-cong-a4-deli-5cm-w38178/
BÌA CÒNG DELI FC 7CM W38169,https://vppdeli.vn/san-pham/bia-cong-deli-fc-7cm-w38169/
BÌA CÒNG DELI FC 5CM W38168,https://vppdeli.vn/san-pham/bia-cong-deli-fc-5cm-w38168/
BÌA CÒNG DELI FC 9CM CF804-BL,https://vppdeli.vn/san-pham/bia-cong-deli-fc-9cm-cf804-bl/
BÌA CÒNG A4 DELI 7CM C38179,https://vppdeli.vn/san-pham/bia-cong-a4-deli-7cm-c38179/
BÌA CÒNG A4 DELI 5CM C38178,https://vppdeli.vn/san-pham/bia-cong-a4-deli-5cm-c38178/
BÌA CÒNG DELI 7CM C38169,https://vppdeli.vn/san-pham/bia-cong-deli-7cm-c38169/
BÌA CÒNG DELI 5CM C38168,https://vppdeli.vn/san-pham/bia-cong-deli-5cm-c38168/
MÁY ĐỤC LỖ DELI E0105 – 15 TỜ,https://vppdeli.vn/san-pham/may-duc-lo-deli-e0105-15-to/
MÁY ĐỤC LỖ DELI E0104 – 35 TỜ,https://vppdeli.vn/san-pham/may-duc-lo-deli-e0104-35-to/
MÁY ĐỤC LỖ DELI E0103 – 10 TỜ,https://vppdeli.vn/san-pham/may-duc-lo-deli-e0103-10-to/
MÁY ĐỤC LỖ DELI E0102 – 20 TỜ,https://vppdeli.vn/san-pham/may-duc-lo-deli-e0102-20-to/
MÁY ĐỤC LỖ DELI E0150 – 100 TỜ,https://vppdeli.vn/san-pham/may-duc-lo-deli-e0150-100-to/
MÁY ĐỤC LỖ DELI E0130 – 100 TỜ,https://vppdeli.vn/san-pham/may-duc-lo-deli-e0130-100-to/
MÁY BẤM KIM TRUNG DELI E0394 – 80 TỜ,https://vppdeli.vn/san-pham/may-bam-kim-trung-deli-e0394-80-to/
MÁY BẤM KIM DELI E0395 – 240 TỜ,https://vppdeli.vn/san-pham/may-bam-kim-deli-e0395-240-to/
DAO RỌC GIẤY TRUNG DELI E2031,https://vppdeli.vn/san-pham/dao-roc-giay-trung-deli-e2031/
KÉO VĂN PHÒNG DELI E6010 – 210MM,https://vppdeli.vn/san-pham/keo-van-phong-deli-e6010-210mm/
MÁY TÍNH DELI SƠN TÙNG MTP CD580VN,https://vppdeli.vn/san-pham/may-tinh-deli-son-tung-mtp-cd580vn/
MÁY TÍNH DELI 12 SỐ EM130,https://vppdeli.vn/san-pham/may-tinh-deli-12-so-em130/
MÁY TÍNH DELI 12 SỐ EM19810,https://vppdeli.vn/san-pham/may-tinh-deli-12-so-em19810/
MÁY TÍNH BỎ TÚI DELI E39217,https://vppdeli.vn/san-pham/may-tinh-bo-tui-deli-e39217/
MÁY TÍNH DELI 12 SỐ EM124,https://vppdeli.vn/san-pham/may-tinh-deli-12-so-em124/
GIẤY A3 IK COPY 70GSM INDONESIA,https://vppdeli.vn/san-pham/giay-a3-ik-copy-70gsm-indonesia/
GIẤY A4 IK COPY 70GSM INDONESIA,https://vppdeli.vn/san-pham/giay-a4-ik-copy-70gsm-indonesia/
GIẤY A4 IK NATURAL 70GSM THÁI LAN,https://vppdeli.vn/san-pham/giay-a4-ik-natural-70gsm-thai-lan/
GIẤY A4 IK PLUS 80GSM INDONESIA,https://vppdeli.vn/san-pham/giay-a4-ik-plus-80gsm-indonesia/
GIẤY A4 IK PLUS 70GSM INDONESIA,https://vppdeli.vn/san-pham/giay-a4-ik-plus-70gsm-indonesia/
GIẤY A4 EXCEL 70GSM INDONESIA,https://vppdeli.vn/san-pham/giay-a4-excel-70gsm-indonesia/
GIẤY A4 DOUBLE A 80GSM THÁI LAN,https://vppdeli.vn/san-pham/giay-a4-double-a-80gsm-thai-lan/
GIẤY A5 DOUBLE A 70GSM THÁI LAN,https://vppdeli.vn/san-pham/giay-a5-double-a-70gsm-thai-lan/
GIẤY A4 PAPER ONE 70GSM INDONESIA,https://vppdeli.vn/san-pham/giay-a4-paper-one-70gsm-indonesia/
GIẤY A3 PAPER ONE 80GSM INDONESIA,https://vppdeli.vn/san-pham/giay-a3-paper-one-80gsm-indonesia/
