Book Name,Image URL,Brand
Bình Nước Cầm Tay 0.45L Rd-045G1 - Ngẫu nhiên,,Rạng Đông
Bình Nước Cầm Tay 0.5L Rd-05P1,,Rạng Đông
Bình Nước Cầm Tay 1.2L Rd-12P1,,Rạng Đông
Bình Nước Cầm Tay 1L Rd-10P1,,Rạng Đông
Bình Nước Cầm Tay Rd-05P2,,Rạng Đông
Bình Nước Cầm Tay Rd-07P2,,Rạng Đông
Bình Nước Rd-05P2.Qt (Hộp Quà Tặng & Dây Treo) - Ngẫu nhiên,,Rạng Đông
Đèn Bàn Led Cảm Ứng Rd-Rl-21 6W - Ánh sáng đổi màu,,Rạng Đông
Đèn Bàn Led Cảm Ứng Rd-Rl-45 6W - Ánh sáng đổi màu,,Rạng Đông
Đèn Led Bàn Học Cảm Ứng 6W Rd-Rl-20V2 - Ánh sáng đổi màu,,Rạng Đông
Đèn Led Bàn Học Cảm Ứng 6W Rd-Rl-36 - Ánh sáng đổi màu,,Rạng Đông
Đèn Led Bàn Học Cảm Ứng 6W Rd-Rl-38.Plus - Ánh sáng đổi màu,,Rạng Đông
Đèn Led Bàn Học Cảm Ứng 6W Rd-Rl-41 - Ánh sáng đổi màu,,Rạng Đông
Đèn Led Bàn Học Cảm Ứng 8W Rd-Rl-60 Ánh sáng đổi màu,,Rạng Đông
Đèn Led Bàn Học Chống Cận 5W Rd-Rl-24.V2,,Rạng Đông
Đèn Led Bàn Học Chống Cận 5W Rd-Rl-32,,Rạng Đông
