Book Name,Authors,Info,Image URL
Economics in Plain English,Leonard Solomon Silk,"{""Format:"": ""Paperback"", ""Language:"": ""English"", ""ISBN:"": ""0671606131"", ""ISBN13:"": ""9780671606138"", ""Release Date:"": ""January 1986"", ""Publisher:"": ""Simon & Schuster"", ""Length:"": ""237 Pages"", ""Weight:"": ""0.70 lbs."", ""Dimensions:"": ""0.8\"" x 5.5\"" x 8.4\""""}",https://m.media-amazon.com/images/I/41RhnJg8eZL._SL350_.jpg
Economics in One Lesson: The Shortest and Surest Way to Understand Basic Economics,Henry Hazlitt,"{""Format:"": ""Paperback"", ""Language:"": ""English"", ""ISBN:"": ""0517548232"", ""Release Date:"": ""December 1988"", ""Publisher:"": ""Crown Currency"", ""Length:"": ""218 Pages"", ""Weight:"": ""0.69 lbs."", ""Dimensions:"": ""8.0\"" x 0.6\"" x 5.2\""""}",https://m.media-amazon.com/images/I/41z74n2VU3L._SL350_.jpg
What's Wrong with Economics?,Benjamin Ward,"{""Format:"": ""Paperback"", ""Language:"": ""English"", ""ISBN:"": ""1349018082"", ""ISBN13:"": ""9781349018086"", ""Release Date:"": ""January 1972"", ""Publisher:"": ""Palgrave MacMillan"", ""Length:"": ""273 Pages"", ""Weight:"": ""0.80 lbs."", ""Dimensions:"": ""0.6\"" x 5.5\"" x 8.5\""""}",https://i.thriftbooks.com/api/imagehandler/m/97E67C342D968F16B2127742B928E119984AEECB.jpeg
Economics of Household Production,Margaret G. Reid,"{""Format:"": ""Paperback"", ""Language:"": ""English"", ""ISBN:"": ""1015012876"", ""ISBN13:"": ""9781015012875"", ""Release Date:"": ""September 2021"", ""Publisher:"": ""Hassell Street Press"", ""Length:"": ""424 Pages"", ""Weight:"": ""1.30 lbs."", ""Dimensions:"": ""0.9\"" x 6.1\"" x 9.2\""""}",https://i.thriftbooks.com/api/imagehandler/m/AEE6032A7C79E4C26078170972B136442531EAED.jpeg
"Hard Heads, Soft Hearts: Tough-Minded Economics for a Just Society",Alan S. Blinder,"{""Format:"": ""Paperback"", ""Language:"": ""English"", ""ISBN:"": ""0201145197"", ""ISBN13:"": ""9780201145199"", ""Release Date:"": ""January 1988"", ""Publisher:"": ""Basic Books (AZ)"", ""Length:"": ""236 Pages"", ""Weight:"": ""0.90 lbs."", ""Dimensions:"": ""0.7\"" x 6.2\"" x 9.2\""""}",https://i.thriftbooks.com/api/imagehandler/m/DB121F8E33DA08E9522082F24B1F0320C11BF057.jpeg
The Economics of Innovation in the Telecommunications Industry,John R. McNamara,"{"""": """"}",https://i.thriftbooks.com/api/imagehandler/m/3FEEDB4B09FD841B0CB440C73DDE94246881B425.jpeg
The Economics of R&d Policy,Gregory Tassey,"{"""": """"}",https://i.thriftbooks.com/api/imagehandler/m/6242ACB9D8483D14AA6873F4A504459E1EFE5DEE.jpeg
"Triumph of the Market: Essays on Economics, Politics, and the Media",Edward S. Herman,"{""Format:"": ""Paperback"", ""Language:"": ""English"", ""ISBN:"": ""089608521X"", ""ISBN13:"": ""9780896085213"", ""Release Date:"": ""July 1999"", ""Publisher:"": ""South End Press"", ""Length:"": ""290 Pages"", ""Weight:"": ""0.65 lbs."", ""Dimensions:"": ""0.6\"" x 5.4\"" x 8.6\""""}",https://i.thriftbooks.com/api/imagehandler/m/D69E63F0640BB0DE8374F45D25DD7424D6951EA5.jpeg
Essays in the History of Economics,George J. Stigler,"{""Format:"": ""Paperback"", ""Language:"": ""English"", ""ISBN:"": ""0226774279"", ""ISBN13:"": ""9780226774275"", ""Release Date:"": ""January 1966"", ""Publisher:"": ""University of Chicago Press"", ""Length:"": ""392 Pages"", ""Weight:"": ""0.85 lbs.""}",https://m.media-amazon.com/images/I/41seTuHNqYL._SL350_.jpg
Fundamentals of Economics for Environmental Managers,William F. Barron,"{"""": """"}",https://i.thriftbooks.com/api/imagehandler/m/831DFBFA6E119846C121D91EA429860597D994EE.jpeg
The 7 Habits of Highly Effective People,Stephen R. Covey,"{""Format:"": ""Paperback"", ""Language:"": ""English"", ""ISBN:"": ""0671708635"", ""ISBN13:"": ""9780671708634"", ""Release Date:"": ""September 1990"", ""Publisher:"": ""Free Press"", ""Length:"": ""358 Pages"", ""Weight:"": ""0.82 lbs."", ""Dimensions:"": ""1.0\"" x 5.0\"" x 7.0\""""}",https://i.thriftbooks.com/api/imagehandler/m/9ECE5DBEB7D777D4FDEA40EB55A241E865E32C78.jpeg
How to Win Friends and Influence People,Dale Carnegie,"{""Format:"": ""Hardcover"", ""Language:"": ""English"", ""ISBN:"": ""067142517X"", ""ISBN13:"": ""9780671425173"", ""Release Date:"": ""January 1936"", ""Publisher:"": ""Simon & Schuster"", ""Length:"": ""299 Pages"", ""Weight:"": ""1.22 lbs.""}",https://m.media-amazon.com/images/I/51Y1iT3ml-L._SL350_.jpg
"Rich Dad, Poor Dad: What the Rich Teach Their Kids about Money--That the Poor and Middle Class Do Not!",Robert T. Kiyosaki,"{""Format:"": ""Paperback"", ""Language:"": ""English"", ""ISBN:"": ""0446677450"", ""ISBN13:"": ""9780446677455"", ""Release Date:"": ""May 2000"", ""Publisher:"": ""Warner Books (NY)"", ""Length:"": ""272 Pages"", ""Weight:"": ""0.61 lbs."", ""Dimensions:"": ""0.8\"" x 5.9\"" x 9.0\""""}",https://i.thriftbooks.com/api/imagehandler/m/84A77A684F8CD5E447C070C6936780DE22FE1EA9.jpeg
Think and Grow Rich,Napoleon Hill,"{""Format:"": ""Mass Market Paperback"", ""Language:"": ""English"", ""ISBN:"": ""0449214923"", ""Release Date:"": ""January 1983"", ""Publisher:"": ""Ballantine Books"", ""Length:"": ""254 Pages"", ""Weight:"": ""0.42 lbs."", ""Dimensions:"": ""6.9\"" x 0.6\"" x 4.1\""""}",https://m.media-amazon.com/images/I/41NTGLjXDRL._SL350_.jpg
The Richest Man in Babylon,George S. Clason,"{""Format:"": ""Paperback"", ""Language:"": ""English"", ""ISBN:"": ""0451205367"", ""Release Date:"": ""January 2002"", ""Publisher:"": ""Berkley"", ""Length:"": ""144 Pages"", ""Weight:"": ""0.24 lbs."", ""Dimensions:"": ""7.5\"" x 0.6\"" x 4.2\""""}",https://m.media-amazon.com/images/I/41YDS1Z78kL._SL350_.jpg
The Total Money Makeover: Classic Edition: A Proven Plan for Financial Fitness,Dave Ramsey,"{""Format:"": ""Hardcover"", ""Language:"": ""English"", ""ISBN:"": ""1595555277"", ""ISBN13:"": ""9781595555274"", ""Release Date:"": ""September 2013"", ""Publisher:"": ""Thomas Nelson"", ""Length:"": ""272 Pages"", ""Weight:"": ""1.44 lbs."", ""Dimensions:"": ""0.9\"" x 7.5\"" x 9.3\""""}",https://i.thriftbooks.com/api/imagehandler/m/3EEFD74E8BE8528440BCF5E164BFFC68E3C3F195.jpeg
"Daring Greatly: How the Courage to Be Vulnerable Transforms the Way We Live, Love, Parent, and Lead",Brené Brown,"{""Format:"": ""Paperback"", ""Language:"": ""English"", ""ISBN:"": ""1592408419"", ""ISBN13:"": ""9781592408412"", ""Release Date:"": ""April 2015"", ""Publisher:"": ""Avery Publishing Group"", ""Length:"": ""320 Pages"", ""Weight:"": ""0.71 lbs."", ""Dimensions:"": ""1.0\"" x 5.3\"" x 8.0\""""}",https://i.thriftbooks.com/api/imagehandler/m/0CADB719824DE7001BEB1611BF64AB12E20B2CC6.jpeg
Mindset: The New Psychology of Success,Carol S. Dweck,"{""Format:"": ""Paperback"", ""Language:"": ""English"", ""ISBN:"": ""0345472322"", ""Release Date:"": ""December 2007"", ""Publisher:"": ""Ballantine Books"", ""Length:"": ""320 Pages"", ""Weight:"": ""0.59 lbs."", ""Dimensions:"": ""8.0\"" x 0.7\"" x 5.2\""""}",https://m.media-amazon.com/images/I/41wyCevk+6L._SL350_.jpg
"Crucial Conversations Tools for Talking When Stakes Are High, Second Edition",Kerry Patterson,"{""Format:"": ""Paperback"", ""Language:"": ""English"", ""ISBN:"": ""0071771328"", ""Release Date:"": ""September 2011"", ""Publisher:"": ""McGraw Hill"", ""Length:"": ""272 Pages"", ""Weight:"": ""0.75 lbs."", ""Dimensions:"": ""8.9\"" x 0.6\"" x 6.0\""""}",https://m.media-amazon.com/images/I/41EnApOLscL._SL350_.jpg
Atomic Habits: An Easy & Proven Way to Build Good Habits & Break Bad Ones,James Clear,"{""Format:"": ""Hardcover"", ""Language:"": ""English"", ""ISBN:"": ""0735211299"", ""ISBN13:"": ""9780735211292"", ""Release Date:"": ""October 2018"", ""Publisher:"": ""Avery Publishing Group"", ""Length:"": ""320 Pages"", ""Weight:"": ""1.17 lbs."", ""Dimensions:"": ""1.2\"" x 6.3\"" x 9.1\""""}",https://i.thriftbooks.com/api/imagehandler/m/D14196AC58E078300005B93B3FF0725F5B5E7DD6.jpeg
Heinrich Caro and the Creation of Modern Chemical Industry,Carsten Reinhardt,"{""Format:"": ""Hardcover"", ""Language:"": ""English"", ""ISBN:"": ""0792366026"", ""ISBN13:"": ""9780792366027"", ""Release Date:"": ""October 2000"", ""Publisher:"": ""Springer"", ""Length:"": ""454 Pages"", ""Weight:"": ""1.86 lbs."", ""Dimensions:"": ""1.1\"" x 6.1\"" x 9.2\""""}",https://i.thriftbooks.com/api/imagehandler/m/E4953AB213EFF0E188208CBC8C556ACDD78C3E2E.jpeg
Environmental Dispute Resolution,Michael Wheeler,"{""Format:"": ""Paperback"", ""Language:"": ""English"", ""ISBN:"": ""1489922989"", ""ISBN13:"": ""9781489922984"", ""Release Date:"": ""June 2013"", ""Publisher:"": ""Springer"", ""Length:"": ""372 Pages"", ""Weight:"": ""1.21 lbs."", ""Dimensions:"": ""0.8\"" x 6.1\"" x 9.2\""""}",https://i.thriftbooks.com/api/imagehandler/m/B5BCE8DEE79C68BDB9B907FB6D3A9767921D4576.jpeg
How to Solve It: Modern Heuristics,Zbigniew Michalewicz,"{""Format:"": ""Hardcover"", ""Language:"": ""English"", ""ISBN:"": ""3540660615"", ""ISBN13:"": ""9783540660613"", ""Release Date:"": ""January 2004"", ""Publisher:"": ""Springer"", ""Length:"": ""467 Pages"", ""Weight:"": ""1.89 lbs."", ""Dimensions:"": ""1.2\"" x 6.5\"" x 9.5\""""}",https://i.thriftbooks.com/api/imagehandler/m/2051BB191F1A1126F022CC7819719A79B0D4AE33.jpeg
The Global Casino: An Introduction to Environmental Issues,Nick Middleton,"{""Format:"": ""Paperback"", ""Language:"": ""English"", ""ISBN:"": ""1444146629"", ""ISBN13:"": ""9781444146622"", ""Release Date:"": ""April 2013"", ""Publisher:"": ""Routledge"", ""Length:"": ""640 Pages"", ""Weight:"": ""3.05 lbs."", ""Dimensions:"": ""1.1\"" x 7.4\"" x 9.6\""""}",https://i.thriftbooks.com/api/imagehandler/m/EAB30C097FA15154FA8263015521299B844650F8.jpeg
Who Moved My Cheese? for Teens,Spencer Johnson,"{""Format:"": ""Hardcover"", ""Language:"": ""English"", ""ISBN:"": ""0399240071"", ""ISBN13:"": ""9780399240072"", ""Release Date:"": ""October 2002"", ""Publisher:"": ""G.P. Putnam's Sons Books for Young Readers"", ""Length:"": ""96 Pages"", ""Weight:"": ""0.57 lbs."", ""Dimensions:"": ""0.6\"" x 5.7\"" x 8.5\"""", ""Age Range:"": ""12 to 17 years"", ""Grade Range:"": ""Grades 7 to 12""}",https://i.thriftbooks.com/api/imagehandler/m/BD08ADF90C7D2325637C4D2E3F33EEA9368A92E0.jpeg
The Heart of a Leader: Insights on the Art of Influence,Kenneth H. Blanchard,"{""Format:"": ""Hardcover"", ""Language:"": ""English"", ""ISBN:"": ""1562924885"", ""ISBN13:"": ""9781562924881"", ""Release Date:"": ""June 1999"", ""Publisher:"": ""Honor Books"", ""Length:"": ""157 Pages"", ""Weight:"": ""0.05 lbs."", ""Dimensions:"": ""0.6\"" x 5.3\"" x 6.9\""""}",https://i.thriftbooks.com/api/imagehandler/m/9FC3119AB90E20E2EB83DA431FF9F0F02F36762D.jpeg
Basic Hazardous Waste Management,William C. Blackman Jr.,"{""Format:"": ""Hardcover"", ""Language:"": ""English"", ""ISBN:"": ""1566705339"", ""ISBN13:"": ""9781566705332"", ""Release Date:"": ""June 2001"", ""Publisher:"": ""CRC Press"", ""Length:"": ""488 Pages"", ""Weight:"": ""0.05 lbs."", ""Dimensions:"": ""1.2\"" x 6.5\"" x 9.5\""""}",https://i.thriftbooks.com/api/imagehandler/m/85C186F5BAD7517B6865CB9903F114B3BD73FD4E.jpeg
"ADHD in the Schools, Second Edition: Assessment and Intervention Strategies",Gary Stoner,"{""Format:"": ""Paperback"", ""Language:"": ""English"", ""ISBN:"": ""1593850891"", ""ISBN13:"": ""9781593850890"", ""Release Date:"": ""September 2004"", ""Publisher:"": ""Guilford Publications"", ""Length:"": ""330 Pages"", ""Weight:"": ""0.90 lbs."", ""Dimensions:"": ""0.9\"" x 6.3\"" x 8.9\""""}",https://i.thriftbooks.com/api/imagehandler/m/11DFAD40E01F86999F44535820E3587725DA03E6.jpeg
Leadership,Rudolph W. Giuliani,"{""Format:"": ""Hardcover"", ""Language:"": ""English"", ""ISBN:"": ""0786868414"", ""Release Date:"": ""October 2002"", ""Publisher:"": ""Hyperion"", ""Length:"": ""407 Pages"", ""Weight:"": ""1.54 lbs."", ""Dimensions:"": ""9.3\"" x 6.1\""""}",https://m.media-amazon.com/images/I/41vYmaWRm4L._SL350_.jpg
All Our Relations: Native Struggles for Land and Life,Winona LaDuke,"{""Format:"": ""Paperback"", ""Language:"": ""English"", ""ISBN:"": ""0896085996"", ""ISBN13:"": ""9780896085992"", ""Release Date:"": ""October 1999"", ""Publisher:"": ""South End Press"", ""Length:"": ""256 Pages"", ""Weight:"": ""0.75 lbs."", ""Dimensions:"": ""0.5\"" x 5.5\"" x 8.5\""""}",https://i.thriftbooks.com/api/imagehandler/m/F03086E07F067A59E93B031AD4BBF47184B5202B.jpeg
Stolen Harvest: The Hijacking of the Global Food Supply,Vandana Shiva,"{""Format:"": ""Paperback"", ""Language:"": ""English"", ""ISBN:"": ""0896086070"", ""ISBN13:"": ""9780896086074"", ""Release Date:"": ""January 2000"", ""Publisher:"": ""South End Press"", ""Length:"": ""140 Pages"", ""Weight:"": ""0.45 lbs."", ""Dimensions:"": ""0.4\"" x 5.4\"" x 8.4\""""}",https://i.thriftbooks.com/api/imagehandler/m/A75CCA532E75946FE7BBA1E72831645428D2374A.jpeg
To 'Joy My Freedom: Southern Black Women's Lives and Labors After the Civil War,Tera W. Hunter,"{""Format:"": ""Paperback"", ""Language:"": ""English"", ""ISBN:"": ""0674893085"", ""ISBN13:"": ""9780674893085"", ""Release Date:"": ""September 1998"", ""Publisher:"": ""Harvard University Press"", ""Length:"": ""336 Pages"", ""Weight:"": ""1.16 lbs."", ""Dimensions:"": ""0.9\"" x 6.1\"" x 9.4\""""}",https://i.thriftbooks.com/api/imagehandler/m/5F414446B7F24DF79185588D42EA8B94D1C85E66.jpeg
"Illustrated Dictionary and Resource Directory of Environmental and Occupational Health, Second Edition",Herman Koren,"{"""": """"}",https://i.thriftbooks.com/api/imagehandler/m/4C7B742B02D100BFF2521B14CF9033E60829CDA8.jpeg
Deceit and Denial: The Deadly Politics of Industrial Pollution,Gerald E. Markowitz,"{""Format:"": ""Paperback"", ""Language:"": ""English"", ""ISBN:"": ""0520240634"", ""ISBN13:"": ""9780520240636"", ""Release Date:"": ""October 2002"", ""Publisher:"": ""Perseus - Ucal Pod"", ""Length:"": ""428 Pages"", ""Weight:"": ""1.50 lbs."", ""Dimensions:"": ""1.1\"" x 6.2\"" x 9.0\""""}",https://i.thriftbooks.com/api/imagehandler/m/40B1F0DC698674D008CBFF24701C50947B4F5BAC.jpeg
"Business Mastery: A Guide for Creating a Fulfilling, Thriving Business and Keeping It Successful",Cherie M. Sohnen-Moe,"{""Format:"": ""Paperback"", ""Language:"": ""English"", ""ISBN:"": ""0962126543"", ""ISBN13:"": ""9780962126543"", ""Release Date:"": ""December 1997"", ""Publisher:"": ""Sohnen-Moe Associates"", ""Length:"": ""448 Pages"", ""Weight:"": ""1.10 lbs."", ""Dimensions:"": ""1.0\"" x 8.5\"" x 11.0\""""}",https://i.thriftbooks.com/api/imagehandler/m/E85011FE0314E6EC786EBD1912AD2C2AAEA27A9B.jpeg
Ancient Futures: Learning from Ladakh,Helena Norberg-Hodge,"{""Format:"": ""Paperback"", ""Language:"": ""English"", ""ISBN:"": ""0871566435"", ""ISBN13:"": ""9780871566430"", ""Release Date:"": ""August 1992"", ""Publisher:"": ""Sierra Club Books"", ""Length:"": ""204 Pages"", ""Weight:"": ""0.75 lbs."", ""Dimensions:"": ""0.6\"" x 6.0\"" x 9.1\""""}",https://i.thriftbooks.com/api/imagehandler/m/50D9789DAF99B7B86957C0B50A3CDE2FB9C42C46.jpeg
Red Seas: Ferdinand Smith and Radical Black Sailors in the United States and Jamaica,Gerald Horne,"{""Format:"": ""Hardcover"", ""Language:"": ""English"", ""ISBN:"": ""0814736688"", ""ISBN13:"": ""9780814736685"", ""Release Date:"": ""June 2005"", ""Publisher:"": ""New York University Press"", ""Length:"": ""380 Pages"", ""Weight:"": ""1.40 lbs."", ""Dimensions:"": ""1.1\"" x 6.4\"" x 9.2\""""}",https://i.thriftbooks.com/api/imagehandler/m/862321A28C0EBC2D8814BD581D9791858E1419D0.jpeg
High-Technology Crime Investigator's Handbook: Establishing and Managing a High-Technology Crime Prevention Program,Gerald L. Kovacich,"{""Format:"": ""Paperback"", ""Language:"": ""English"", ""ISBN:"": ""0750679298"", ""ISBN13:"": ""9780750679299"", ""Release Date:"": ""September 2006"", ""Publisher:"": ""Butterworth-Heinemann"", ""Length:"": ""500 Pages"", ""Weight:"": ""1.50 lbs."", ""Dimensions:"": ""0.9\"" x 6.3\"" x 9.4\""""}",https://i.thriftbooks.com/api/imagehandler/m/4CF37C95B231606BF1955A024BC05C8B5E5EAB31.jpeg
The Cost of Living,Arundhati Roy,"{""Format:"": ""Paperback"", ""Language:"": ""English"", ""ISBN:"": ""0375756140"", ""ISBN13:"": ""9780375756146"", ""Release Date:"": ""October 1999"", ""Publisher:"": ""Modern Library"", ""Length:"": ""144 Pages"", ""Weight:"": ""0.30 lbs."", ""Dimensions:"": ""8.0\"" x 0.3\"" x 5.2\""""}",https://i.thriftbooks.com/api/imagehandler/m/04DDB6494E2F44E6BCAED9ACB42D79259837500F.jpeg
"Martin Luther King, Jr., on Leadership: Inspiration and Wisdom for Challenging Times",Donald T. Phillips,"{""Format:"": ""Paperback"", ""Language:"": ""English"", ""ISBN:"": ""0446675466"", ""Release Date:"": ""January 2000"", ""Publisher:"": ""Grand Central Publishing"", ""Length:"": ""384 Pages"", ""Weight:"": ""0.85 lbs."", ""Dimensions:"": ""8.3\"" x 1.0\"" x 5.0\""""}",https://m.media-amazon.com/images/I/51xDLToVAYL._SL350_.jpg
Leaders Eat Last: Why Some Teams Pull Together and Others Don't,Simon Sinek,"{""Format:"": ""Paperback"", ""Language:"": ""English"", ""ISBN:"": ""0670923176"", ""ISBN13:"": ""9780670923175"", ""Release Date:"": ""January 2017"", ""Publisher:"": ""Penguin Group"", ""Length:"": ""368 Pages"", ""Weight:"": ""0.60 lbs."", ""Dimensions:"": ""5.1\"" x 7.8\""""}",https://i.thriftbooks.com/api/imagehandler/m/D062A2652F981728E5C277468FA71A585981B60D.jpeg
Difficult Conversations: How to Discuss What Matters Most,Bruce Patton,"{""Format:"": ""Paperback"", ""Language:"": ""English"", ""ISBN:"": ""014028852X"", ""ISBN13:"": ""9780140288520"", ""Release Date:"": ""April 2000"", ""Publisher:"": ""Penguin Putnam"", ""Length:"": ""250 Pages"", ""Weight:"": ""0.45 lbs."", ""Dimensions:"": ""0.6\"" x 5.1\"" x 7.8\"""", ""Age Range:"": ""18 years and up"", ""Grade Range:"": ""Postsecondary and higher""}",https://i.thriftbooks.com/api/imagehandler/m/0FB4B066A70CB55784ACA15D124646B4F98EC153.jpeg
The Total Money Makeover Workbook,Dave Ramsey,"{""Format:"": ""Paperback"", ""Language:"": ""English"", ""ISBN:"": ""0785263276"", ""ISBN13:"": ""9780785263272"", ""Release Date:"": ""January 2003"", ""Publisher:"": ""Thomas Nelson"", ""Length:"": ""256 Pages"", ""Weight:"": ""0.95 lbs."", ""Dimensions:"": ""0.6\"" x 7.0\"" x 9.1\""""}",https://i.thriftbooks.com/api/imagehandler/m/5D7BA3C1D055154C31BDF0D74718B21980C4B28F.jpeg
The Happiness Advantage: The Seven Principles of Positive Psychology That Fuel Success and Performance at Work,Shawn Achor,"{""Format:"": ""Hardcover"", ""Language:"": ""English"", ""ISBN:"": ""0307591549"", ""ISBN13:"": ""9780307591548"", ""Release Date:"": ""September 2010"", ""Publisher:"": ""Crown Currency"", ""Length:"": ""256 Pages"", ""Weight:"": ""0.84 lbs."", ""Dimensions:"": ""0.9\"" x 6.5\"" x 9.4\""""}",https://i.thriftbooks.com/api/imagehandler/m/BEAF95EEC622FA9B64AD28598E645CA0505FDCCA.jpeg
A Random Walk Down Wall Street: The Best Investment Advice for the New Century,Burton G. Malkiel,"{""Format:"": ""Paperback"", ""Language:"": ""English"", ""ISBN:"": ""0393320405"", ""ISBN13:"": ""9780393320404"", ""Release Date:"": ""January 1999"", ""Publisher:"": ""W. W. Norton & Company"", ""Length:"": ""464 Pages"", ""Weight:"": ""1.29 lbs."", ""Dimensions:"": ""1.0\"" x 5.5\"" x 8.2\""""}",https://i.thriftbooks.com/api/imagehandler/m/1B4FDA50CD3B283A98C107C52F8B7058E2C4F377.jpeg
The Greatest Salesman in the World,Og Mandino,"{""Format:"": ""Mass Market Paperback"", ""Language:"": ""English"", ""ISBN:"": ""055327757X"", ""Release Date:"": ""February 1983"", ""Publisher:"": ""Bantam"", ""Length:"": ""128 Pages"", ""Weight:"": ""0.36 lbs."", ""Dimensions:"": ""6.9\"" x 0.3\"" x 4.1\""""}",https://m.media-amazon.com/images/I/41hN911+PIL._SL350_.jpg
One Up on Wall Street,Peter Lynch,"{""Format:"": ""Hardcover"", ""Language:"": ""English"", ""ISBN:"": ""0671661035"", ""ISBN13:"": ""9780671661038"", ""Release Date:"": ""January 1989"", ""Publisher:"": ""Simon & Schuster"", ""Length:"": ""320 Pages"", ""Weight:"": ""1.44 lbs."", ""Dimensions:"": ""1.2\"" x 6.5\"" x 9.4\""""}",https://m.media-amazon.com/images/I/41nce1jarhL._SL350_.jpg
I Will Teach You to Be Rich: No Guilt. No Excuses. Just a 6-Week Program That Works (Second Edition),Ramit Sethi,"{""Format:"": ""Paperback"", ""Language:"": ""English"", ""ISBN:"": ""1523505745"", ""ISBN13:"": ""9781523505746"", ""Release Date:"": ""May 2019"", ""Publisher:"": ""Workman Publishing"", ""Length:"": ""352 Pages"", ""Weight:"": ""1.08 lbs."", ""Dimensions:"": ""0.8\"" x 5.9\"" x 8.9\""""}",https://i.thriftbooks.com/api/imagehandler/m/FD0F1438F75A0B3DA0123397D5EE6965CE7959A8.jpeg
Switch: How to Change Things When Change Is Hard,Dan Heath,"{""Format:"": ""Hardcover"", ""Language:"": ""English"", ""ISBN:"": ""0385528752"", ""Release Date:"": ""February 2010"", ""Publisher:"": ""Crown Business"", ""Length:"": ""305 Pages"", ""Weight:"": ""1.13 lbs."", ""Dimensions:"": ""8.4\"" x 1.2\"" x 5.6\""""}",https://m.media-amazon.com/images/I/41rnyrGao8L._SL350_.jpg
The Design of Everyday Things,Donald A. Norman,"{""Format:"": ""Paperback"", ""Language:"": ""English"", ""ISBN:"": ""0385267746"", ""ISBN13:"": ""9780385267748"", ""Release Date:"": ""February 1990"", ""Publisher:"": ""Broadway Business"", ""Length:"": ""272 Pages"", ""Weight:"": ""0.57 lbs."", ""Dimensions:"": ""0.8\"" x 5.4\"" x 8.1\""""}",https://i.thriftbooks.com/api/imagehandler/m/DF6059E295472C0DD02CA04174BF0E2E59E04CBC.jpeg
The Checklist Manifesto: How to Get Things Right,Atul Gawande,"{""Format:"": ""Paperback"", ""Language:"": ""English"", ""ISBN:"": ""0312430000"", ""ISBN13:"": ""9780312430009"", ""Release Date:"": ""January 2011"", ""Publisher:"": ""Metropolitan Books"", ""Length:"": ""240 Pages"", ""Weight:"": ""0.54 lbs."", ""Dimensions:"": ""0.7\"" x 5.5\"" x 8.3\""""}",https://i.thriftbooks.com/api/imagehandler/m/E5A2CA2FE1354151C7C8481D073D4EBD7B477CEF.jpeg
Never Split the Difference,Chris Voss,"{""Format:"": ""Paperback"", ""Language:"": ""English"", ""ISBN:"": ""1847941494"", ""ISBN13:"": ""9781847941497"", ""Release Date:"": ""January 2017"", ""Publisher:"": ""Random House Business Books"", ""Length:"": ""288 Pages"", ""Weight:"": ""0.51 lbs."", ""Dimensions:"": ""5.1\"" x 7.8\""""}",https://i.thriftbooks.com/api/imagehandler/m/F616BE6087B9A124EB99BD3D0BBE7E942EA9A32E.jpeg
The One Minute Manager,Spencer Johnson,"{""Format:"": ""Hardcover"", ""Language:"": ""English"", ""ISBN:"": ""0688014291"", ""ISBN13:"": ""9780688014292"", ""Release Date:"": ""January 2003"", ""Publisher:"": ""William Morrow & Company"", ""Length:"": ""106 Pages"", ""Weight:"": ""0.84 lbs."", ""Dimensions:"": ""0.7\"" x 5.7\"" x 8.3\""""}",https://i.thriftbooks.com/api/imagehandler/m/7D1527C3F2AAD244E73BCF773D79D0B9E03A39D6.jpeg
What Got You Here Won't Get You There: How Successful People Become Even More Successful,Marshall Goldsmith,"{""Format:"": ""Hardcover"", ""Language:"": ""English"", ""ISBN:"": ""1401301304"", ""Release Date:"": ""January 2007"", ""Publisher:"": ""Hachette Books"", ""Length:"": ""256 Pages"", ""Weight:"": ""1.09 lbs."", ""Dimensions:"": ""9.5\"" x 0.9\"" x 6.4\""""}",https://m.media-amazon.com/images/I/418gEBgBKPL._SL350_.jpg
You Are a Badass at Making Money: Master the Mindset of Wealth,Jen Sincero,"{""Format:"": ""Hardcover"", ""Language:"": ""English"", ""ISBN:"": ""0735222975"", ""ISBN13:"": ""9780735222977"", ""Release Date:"": ""April 2017"", ""Publisher:"": ""Penguin Life"", ""Length:"": ""288 Pages"", ""Weight:"": ""1.28 lbs."", ""Dimensions:"": ""1.1\"" x 5.9\"" x 8.3\""""}",https://i.thriftbooks.com/api/imagehandler/m/708779706C9475C67D16AE038C965DACB0B37414.jpeg
"Predictably Irrational, Revised and Expanded Edition: The Hidden Forces That Shape Our Decisions",Dan Ariely,"{""Format:"": ""Paperback"", ""Language:"": ""English"", ""ISBN:"": ""0061353248"", ""ISBN13:"": ""9780061353246"", ""Release Date:"": ""April 2010"", ""Publisher:"": ""Harper Perennial"", ""Length:"": ""384 Pages"", ""Weight:"": ""0.63 lbs."", ""Dimensions:"": ""0.9\"" x 6.5\"" x 8.0\""""}",https://i.thriftbooks.com/api/imagehandler/m/6734DB41094B7D9BB716B0B131EAC354C29B46B8.jpeg
Confessions of an Economic Hit Man,John Perkins,"{""Format:"": ""Paperback"", ""Language:"": ""English"", ""ISBN:"": ""0452287081"", ""ISBN13:"": ""9780452287082"", ""Release Date:"": ""December 2005"", ""Publisher:"": ""Plume"", ""Length:"": ""303 Pages"", ""Weight:"": ""0.87 lbs."", ""Dimensions:"": ""8.0\"" x 0.7\"" x 5.3\""""}",https://i.thriftbooks.com/api/imagehandler/m/E7BBD9AF5C0DF75641C9200A88F4EE83F8F2D80E.jpeg
Strengthsfinder 2.0,Tom Rath,"{""Format:"": ""Hardcover"", ""Language:"": ""English"", ""ISBN:"": ""159562015X"", ""ISBN13:"": ""9781595620156"", ""Release Date:"": ""February 2007"", ""Publisher:"": ""Gallup Press"", ""Length:"": ""192 Pages"", ""Weight:"": ""0.64 lbs."", ""Dimensions:"": ""0.6\"" x 5.2\"" x 7.0\""""}",https://i.thriftbooks.com/api/imagehandler/m/C5900827FCCAB75645E6A1A589DE245FA962AFF2.jpeg
The Big Short: Inside the Doomsday Machine,Michael Lewis,"{""Format:"": ""Hardcover"", ""Language:"": ""English"", ""ISBN:"": ""0393072231"", ""ISBN13:"": ""9780393072235"", ""Release Date:"": ""March 2010"", ""Publisher:"": ""W. W. Norton & Company"", ""Length:"": ""288 Pages"", ""Weight:"": ""1.08 lbs."", ""Dimensions:"": ""1.1\"" x 6.3\"" x 9.2\""""}",https://i.thriftbooks.com/api/imagehandler/m/B7C2541DAFDD9D72EF2AD161A09E8E31139C173C.jpeg
The Shock Doctrine: The Rise of Disaster Capitalism,Naomi Klein,"{""Format:"": ""Hardcover"", ""Language:"": ""English"", ""ISBN:"": ""0676978002"", ""ISBN13:"": ""9780676978001"", ""Release Date:"": ""January 2007"", ""Publisher:"": ""Knopf Canada"", ""Length:"": ""662 Pages"", ""Weight:"": ""2.10 lbs."", ""Dimensions:"": ""1.6\"" x 6.9\"" x 9.2\""""}",https://i.thriftbooks.com/api/imagehandler/m/82BD0ADF85245E1CC6D13E66CD2FA47F88496111.jpeg
Blue Ocean Strategy: How to Create Uncontested Market Space and Make the Competition Irrelevant,W. Chan Kim,"{""Format:"": ""Hardcover"", ""Language:"": ""English"", ""ISBN:"": ""1591396190"", ""ISBN13:"": ""9781591396192"", ""Release Date:"": ""February 2005"", ""Publisher:"": ""Harvard Business Review Press"", ""Length:"": ""256 Pages"", ""Weight:"": ""1.17 lbs."", ""Dimensions:"": ""1.0\"" x 6.4\"" x 9.5\""""}",https://i.thriftbooks.com/api/imagehandler/m/ECBEB69321B4EDCC0387EB71FA359F5EBFD8B4C8.jpeg
The Millionaire Real Estate Agent: It's Not About the Money It's About Being the Best You Can Be,Jay Papasan,"{""Format:"": ""Paperback"", ""Language:"": ""English"", ""ISBN:"": ""0071444041"", ""Release Date:"": ""January 2004"", ""Publisher:"": ""McGraw Hill"", ""Length:"": ""368 Pages"", ""Weight:"": ""1.26 lbs."", ""Dimensions:"": ""9.3\"" x 0.9\"" x 7.0\""""}",https://m.media-amazon.com/images/I/51wU3Npe7bL._SL350_.jpg
Spin Selling,Neil Rackham,"{""Format:"": ""Hardcover"", ""Language:"": ""English"", ""ISBN:"": ""0070511136"", ""ISBN13:"": ""9780070511132"", ""Release Date:"": ""May 1988"", ""Publisher:"": ""McGraw-Hill Companies"", ""Length:"": ""216 Pages"", ""Weight:"": ""1.11 lbs."", ""Dimensions:"": ""0.8\"" x 6.1\"" x 9.1\""""}",https://i.thriftbooks.com/api/imagehandler/m/AE30540A25897A45639A2F72B4B7BC25AAFDEC01.jpeg
Accounting for Dummies,John A. Tracy,"{""Format:"": ""Paperback"", ""Language:"": ""English"", ""ISBN:"": ""0764578367"", ""ISBN13:"": ""9780764578366"", ""Release Date:"": ""December 2004"", ""Publisher:"": ""Wiley Publishing"", ""Length:"": ""386 Pages"", ""Weight:"": ""1.23 lbs."", ""Dimensions:"": ""0.9\"" x 7.3\"" x 9.4\""""}",https://i.thriftbooks.com/api/imagehandler/m/DAF7EBBC52B564F84F9ED5D3F96C4286F4063F81.jpeg
Multiple Streams of Income: How to Generate a Lifetime of Unlimited Wealth,Robert G. Allen,"{""Format:"": ""Hardcover"", ""Language:"": ""English"", ""ISBN:"": ""0471381802"", ""ISBN13:"": ""9780471381808"", ""Release Date:"": ""March 2000"", ""Publisher:"": ""John Wiley & Sons"", ""Length:"": ""336 Pages"", ""Weight:"": ""1.46 lbs."", ""Dimensions:"": ""1.2\"" x 6.5\"" x 9.6\""""}",https://i.thriftbooks.com/api/imagehandler/m/E687AF02FD688ABE78A5835D9C602101258F1371.jpeg
"Purple Cow, New Edition: Transform Your Business by Being Remarkable",Seth Godin,"{""Format:"": ""Hardcover"", ""Language:"": ""English"", ""ISBN:"": ""1591843170"", ""ISBN13:"": ""9781591843177"", ""Release Date:"": ""November 2009"", ""Publisher:"": ""Portfolio"", ""Length:"": ""224 Pages"", ""Weight:"": ""0.55 lbs."", ""Dimensions:"": ""0.9\"" x 5.3\"" x 7.1\"""", ""Age Range:"": ""18 years and up"", ""Grade Range:"": ""Postsecondary and higher""}",https://i.thriftbooks.com/api/imagehandler/m/4A37C5ED28A2E39E802A5186FC9A472D852804F2.jpeg
How I Raised Myself from Failure to Success in Selling,Frank Bettger,"{""Format:"": ""Paperback"", ""Language:"": ""English"", ""ISBN:"": ""067179437X"", ""Release Date:"": ""April 1992"", ""Publisher:"": ""Cornerstone Library"", ""Length:"": ""192 Pages"", ""Weight:"": ""0.54 lbs."", ""Dimensions:"": ""8.4\"" x 0.6\"" x 5.5\""""}",https://m.media-amazon.com/images/I/51ZcmTnSKqL._SL350_.jpg
How to Lie with Statistics,Darrell Huff,"{""Format:"": ""Hardcover"", ""Language:"": ""English"", ""ISBN:"": ""039309426X"", ""ISBN13:"": ""9780393052640"", ""Release Date:"": ""January 1954"", ""Publisher:"": ""R.S. Means Company"", ""Length:"": ""142 Pages"", ""Weight:"": ""0.29 lbs.""}",https://m.media-amazon.com/images/I/51ujdNZcjlL._SL350_.jpg
The Toyota Way: 14 Management Principles from the World's Greatest Manufacturer,Jeffrey K. Liker,"{""Format:"": ""Hardcover"", ""Language:"": ""English"", ""ISBN:"": ""0071392319"", ""ISBN13:"": ""9780071392310"", ""Release Date:"": ""January 2004"", ""Publisher:"": ""McGraw-Hill Education"", ""Length:"": ""352 Pages"", ""Weight:"": ""1.12 lbs."", ""Dimensions:"": ""1.3\"" x 6.3\"" x 9.1\""""}",https://i.thriftbooks.com/api/imagehandler/m/6CD6967EAA4CF396F16E11589C067CC586739986.jpeg
The 21 Indispensable Qualities of a Leader: Becoming the Person Others Will Want to Follow,John C. Maxwell,"{""Format:"": ""Hardcover"", ""Language:"": ""English"", ""ISBN:"": ""0785274405"", ""ISBN13:"": ""9780785274407"", ""Release Date:"": ""June 1999"", ""Publisher:"": ""Nelson Books"", ""Length:"": ""160 Pages"", ""Weight:"": ""0.65 lbs."", ""Dimensions:"": ""0.8\"" x 5.3\"" x 7.3\""""}",https://i.thriftbooks.com/api/imagehandler/m/C54EC2EFDDD89472D5FD365A419B5535E6937B5D.jpeg
A Guide to the Project Management Body of Knowledge,Project Management Institute,"{""Format:"": ""Paperback"", ""Language:"": ""English"", ""ISBN:"": ""1933890517"", ""Release Date:"": ""January 2009"", ""Publisher:"": ""Project Management Inst"", ""Length:"": ""459 Pages"", ""Weight:"": ""3.36 lbs."", ""Dimensions:"": ""11.0\"" x 1.3\"" x 8.3\""""}",https://m.media-amazon.com/images/I/516W+wRWFeL._SL350_.jpg
The Visual Display of Quantitative Information,Edward R. Tufte,"{""Format:"": ""Hardcover"", ""Language:"": ""English"", ""ISBN:"": ""096139210X"", ""ISBN13:"": ""9780961392109"", ""Release Date:"": ""January 1990"", ""Publisher:"": ""Graphics Press"", ""Length:"": ""197 Pages"", ""Weight:"": ""2.28 lbs."", ""Dimensions:"": ""0.9\"" x 9.0\"" x 10.9\""""}",https://i.thriftbooks.com/api/imagehandler/m/8FDABC77EBA6D6844401543991FC3A708CA66774.jpeg
Grant Writing for Dummies,Beverly A. Browning,"{""Format:"": ""Paperback"", ""Language:"": ""English"", ""ISBN:"": ""0470291133"", ""ISBN13:"": ""9780470291139"", ""Release Date:"": ""December 2008"", ""Publisher:"": ""For Dummies"", ""Length:"": ""338 Pages"", ""Weight:"": ""1.25 lbs."", ""Dimensions:"": ""0.8\"" x 7.4\"" x 9.2\""""}",https://i.thriftbooks.com/api/imagehandler/m/7CF8800E4F8A696FC4F1513219C3409DBE451399.jpeg
The Essays of Warren Buffett: Lessons for Corporate America,Warren Buffett,"{""Format:"": ""Hardcover"", ""Language:"": ""English"", ""ISBN:"": ""0966446119"", ""ISBN13:"": ""9780966446111"", ""Release Date:"": ""April 2001"", ""Publisher:"": ""Cardozo Law Review"", ""Length:"": ""246 Pages"", ""Weight:"": ""0.85 lbs."", ""Dimensions:"": ""0.6\"" x 6.7\"" x 10.0\""""}",https://i.thriftbooks.com/api/imagehandler/m/6758BDD6EE278655C940A08C1756ACC64D6D8877.jpeg
"Basic Economics 2nd Ed: A Citizen's Guide to the Economy, Revised and Expanded Edition",Thomas Sowell,"{""Format:"": ""Hardcover"", ""Language:"": ""English"", ""ISBN:"": ""0465081452"", ""ISBN13:"": ""9780465081455"", ""Release Date:"": ""January 2003"", ""Publisher:"": ""Basic Books"", ""Length:"": ""448 Pages"", ""Weight:"": ""1.69 lbs."", ""Dimensions:"": ""1.4\"" x 6.4\"" x 9.6\""""}",https://i.thriftbooks.com/api/imagehandler/m/F65B1D82F70874BDD1EE590CCB1B6EA518E683CB.jpeg
Triangle: The Fire That Changed America,David von Drehle,"{""Format:"": ""Hardcover"", ""Language:"": ""English"", ""ISBN:"": ""0871138743"", ""ISBN13:"": ""9780871138743"", ""Release Date:"": ""August 2003"", ""Publisher:"": ""Atlantic Monthly Press"", ""Length:"": ""340 Pages"", ""Weight:"": ""1.49 lbs."", ""Dimensions:"": ""1.2\"" x 6.0\"" x 9.0\""""}",https://i.thriftbooks.com/api/imagehandler/m/E0DF7EE44BF5D0413D49749A6C267E38AB6C4AA2.jpeg
The Only Grant-Writing Book You'll Ever Need: Top Grant Writers and Grant Givers Share Their Secrets,Ellen Karsh,"{""Format:"": ""Paperback"", ""Language:"": ""English"", ""ISBN:"": ""0786717548"", ""ISBN13:"": ""9780786717545"", ""Release Date:"": ""March 2006"", ""Publisher:"": ""Carroll & Graf Publishers"", ""Length:"": ""413 Pages"", ""Weight:"": ""1.10 lbs."", ""Dimensions:"": ""1.2\"" x 6.1\"" x 8.9\""""}",https://i.thriftbooks.com/api/imagehandler/m/2B065900D5F904F887790F2C75426C984A5601D6.jpeg
"People Skills: How to Assert Yourself, Listen to Others, and Resolve Conflicts",Robert Bolton,"{""Format:"": ""Paperback"", ""Language:"": ""English"", ""ISBN:"": ""067162248X"", ""Release Date:"": ""June 1986"", ""Publisher:"": ""Touchstone"", ""Length:"": ""300 Pages"", ""Weight:"": ""0.65 lbs."", ""Dimensions:"": ""8.0\"" x 0.8\"" x 5.5\""""}",https://m.media-amazon.com/images/I/41gXntWXzgL._SL350_.jpg
Flawless Consulting: A Guide to Getting Your Expertise Used,Peter Block,"{""Format:"": ""Hardcover"", ""Language:"": ""English"", ""ISBN:"": ""0787948039"", ""ISBN13:"": ""9780787948030"", ""Release Date:"": ""September 1999"", ""Publisher:"": ""Pfeiffer"", ""Length:"": ""400 Pages"", ""Weight:"": ""2.15 lbs."", ""Dimensions:"": ""1.3\"" x 8.4\"" x 9.4\""""}",https://i.thriftbooks.com/api/imagehandler/m/1064419231869537A606463883839993B7F9E4AB.jpeg
Leadership: Theory and Practice,Peter G. Northouse,"{""Format:"": ""Paperback"", ""Language:"": ""English"", ""ISBN:"": ""1483317536"", ""ISBN13:"": ""9781483317533"", ""Release Date:"": ""February 2015"", ""Publisher:"": ""Sage Publications, Inc"", ""Length:"": ""520 Pages"", ""Weight:"": ""1.54 lbs."", ""Dimensions:"": ""1.0\"" x 6.0\"" x 9.0\""""}",https://i.thriftbooks.com/api/imagehandler/m/28280A614088B509A1ADEF60679390D311E0E56C.jpeg
The Five Dysfunctions of a Team,Patrick Lencioni,"{""Format:"": ""Hardcover"", ""Language:"": ""English"", ""ISBN:"": ""0787960756"", ""ISBN13:"": ""9788126506750"", ""Release Date:"": ""March 2002"", ""Publisher:"": ""John Wiley & Sons Inc"", ""Weight:"": ""0.99 lbs.""}",https://m.media-amazon.com/images/I/41QBBJEm49L._SL350_.jpg
Trump: The Art of the Deal,Donald J. Trump,"{""Format:"": ""Hardcover"", ""Language:"": ""English"", ""ISBN:"": ""0394555287"", ""ISBN13:"": ""9780394555287"", ""Release Date:"": ""November 1987"", ""Publisher:"": ""Random House"", ""Length:"": ""256 Pages"", ""Weight:"": ""1.11 lbs."", ""Dimensions:"": ""1.1\"" x 6.4\"" x 9.2\""""}",https://i.thriftbooks.com/api/imagehandler/m/057F674AE00B07BB0E11BACAC47E4EC88A39BC6B.jpeg
Getting Things Done: The Art of Stress-Free Productivity,David Allen,"{""Format:"": ""Paperback"", ""Language:"": ""English"", ""ISBN:"": ""0142000280"", ""ISBN13:"": ""9780142000281"", ""Release Date:"": ""December 2002"", ""Publisher:"": ""Penguin Group"", ""Length:"": ""288 Pages"", ""Weight:"": ""0.56 lbs."", ""Dimensions:"": ""0.6\"" x 5.3\"" x 8.0\"""", ""Age Range:"": ""18 years and up"", ""Grade Range:"": ""Postsecondary and higher""}",https://i.thriftbooks.com/api/imagehandler/m/1BEE1BCC8177085D5F22B6F88EA081D4CEDCBAA0.jpeg
The One Thing: The Surprisingly Simple Truth about Extraordinary Results,Gary Keler,"{""Format:"": ""Hardcover"", ""Language:"": ""English"", ""ISBN:"": ""1885167776"", ""ISBN13:"": ""9781885167774"", ""Release Date:"": ""April 2013"", ""Publisher:"": ""Bard Press"", ""Length:"": ""240 Pages"", ""Weight:"": ""1.04 lbs."", ""Dimensions:"": ""0.8\"" x 6.1\"" x 8.3\""""}",https://i.thriftbooks.com/api/imagehandler/m/0B514DB107C0AF38D91F00FCB3E3D9AD885BF4CA.jpeg
Nickel and Dimed: On (Not) Getting by in America,Barbara Ehrenreich,"{""Format:"": ""Paperback"", ""Language:"": ""English"", ""ISBN:"": ""0805063897"", ""ISBN13:"": ""9780805063899"", ""Release Date:"": ""May 2002"", ""Publisher:"": ""Holt McDougal"", ""Length:"": ""240 Pages"", ""Weight:"": ""0.35 lbs."", ""Dimensions:"": ""0.7\"" x 5.6\"" x 8.3\""""}",https://i.thriftbooks.com/api/imagehandler/m/43DCF58452F7C1BBF50625014B7DE80C8734954A.jpeg
"The First 90 Days: Proven Strategies for Getting Up to Speed Faster and Smarter, Updated and Expanded",Michael D. Watkins,"{""Format:"": ""Hardcover"", ""Language:"": ""English"", ""ISBN:"": ""1422188612"", ""Release Date:"": ""May 2013"", ""Publisher:"": ""Harvard Business Review Press"", ""Length:"": ""304 Pages"", ""Weight:"": ""0.90 lbs."", ""Dimensions:"": ""0.8\"" x 5.1\"" x 7.8\""""}",https://m.media-amazon.com/images/I/51xKct2jz+L._SL350_.jpg
Money Master the Game: 7 Simple Steps to Financial Freedom,Anthony Robbins,"{""Format:"": ""Hardcover"", ""Language:"": ""English"", ""ISBN:"": ""1476757801"", ""ISBN13:"": ""9781476757803"", ""Release Date:"": ""November 2014"", ""Publisher:"": ""Simon & Schuster"", ""Length:"": ""688 Pages"", ""Weight:"": ""1.82 lbs."", ""Dimensions:"": ""1.5\"" x 6.3\"" x 9.4\""""}",https://i.thriftbooks.com/api/imagehandler/m/EE3CC7101198797A7D463F66B22BC3B240B90280.jpeg
Developing the Leader Within You,John C. Maxwell,"{""Format:"": ""Paperback"", ""Language:"": ""English"", ""ISBN:"": ""0785281126"", ""ISBN13:"": ""9780785281122"", ""Release Date:"": ""October 2005"", ""Publisher:"": ""Thomas Nelson"", ""Length:"": ""207 Pages"", ""Weight:"": ""0.64 lbs."", ""Dimensions:"": ""0.6\"" x 5.4\"" x 8.3\""""}",https://i.thriftbooks.com/api/imagehandler/m/B572C8FFE245CF1BFBD7B887B796646ABDDBEF6F.jpeg
The Goal: A Process of Ongoing Improvement,Eliyahu M. Goldratt,"{""Format:"": ""Paperback"", ""Language:"": ""English"", ""ISBN:"": ""0884270610"", ""Release Date:"": ""January 1992"", ""Publisher:"": ""North River Pr"", ""Length:"": ""384 Pages"", ""Weight:"": ""1.70 lbs."", ""Dimensions:"": ""9.0\"" x 1.0\"" x 6.0\""""}",https://m.media-amazon.com/images/I/51TUJy-7VgL._SL350_.jpg
Emotional Intelligence 2.0,Travis Bradberry,"{""Format:"": ""Hardcover"", ""Language:"": ""English"", ""ISBN:"": ""0974320625"", ""ISBN13:"": ""9780974320625"", ""Release Date:"": ""June 2009"", ""Publisher:"": ""TalentSmart"", ""Length:"": ""280 Pages"", ""Weight:"": ""0.68 lbs."", ""Dimensions:"": ""0.7\"" x 5.1\"" x 7.8\""""}",https://m.media-amazon.com/images/I/512euZM5TCL._SL350_.jpg
Eat That Frog!: 21 Great Ways to Stop Procrastinating and Get More Done in Less Time,Brian Tracy,"{""Format:"": ""Paperback"", ""Language:"": ""English"", ""ISBN:"": ""1576754227"", ""ISBN13:"": ""9781576754221"", ""Release Date:"": ""January 2007"", ""Publisher:"": ""Berrett-Koehler Publishers"", ""Length:"": ""128 Pages"", ""Weight:"": ""0.50 lbs."", ""Dimensions:"": ""0.4\"" x 5.6\"" x 8.5\""""}",https://i.thriftbooks.com/api/imagehandler/m/0607CAC2F565AC3DD4274E2351FC4C4FD95D625F.jpeg
"The Energy Bus: 10 Rules to Fuel Your Life, Work, and Team with Positive Energy",Jon Gordon,"{""Format:"": ""Hardcover"", ""Language:"": ""English"", ""ISBN:"": ""0470100281"", ""Release Date:"": ""January 2007"", ""Publisher:"": ""Wiley"", ""Length:"": ""192 Pages"", ""Weight:"": ""0.76 lbs."", ""Dimensions:"": ""0.8\"" x 5.0\"" x 8.6\""""}",https://m.media-amazon.com/images/I/41NFk6JD66L._SL350_.jpg
Rich Dad's Guide to Investing: What the Rich Invest in That the Poor and Middle Class Do Not!,Lechter Sharon L.,"{""Format:"": ""Paperback"", ""Language:"": ""English"", ""ISBN:"": ""0446677469"", ""ISBN13:"": ""9780446677462"", ""Release Date:"": ""January 2000"", ""Publisher:"": ""Warner Books (NY)"", ""Length:"": ""384 Pages"", ""Weight:"": ""1.14 lbs."", ""Dimensions:"": ""1.1\"" x 6.1\"" x 9.1\""""}",https://i.thriftbooks.com/api/imagehandler/m/DD50A62360D0CBB3B7F3FFD450E04499AD207BAB.jpeg
Your Money or Your Life: 9 Steps to Transforming Your Relationship with Money and Achieving Financial Independence: Fully Revised and Updated f,Vicki Robin,"{""Format:"": ""Paperback"", ""Language:"": ""English"", ""ISBN:"": ""0143115766"", ""ISBN13:"": ""9780143115762"", ""Release Date:"": ""December 2008"", ""Publisher:"": ""Penguin Books"", ""Length:"": ""368 Pages"", ""Weight:"": ""0.59 lbs."", ""Dimensions:"": ""0.6\"" x 5.1\"" x 7.8\"""", ""Age Range:"": ""18 years and up"", ""Grade Range:"": ""Postsecondary and higher""}",https://i.thriftbooks.com/api/imagehandler/m/6F44758BA1117FDAE357EBF253A1AD446A3A61EF.jpeg
The Go-Giver: A Little Story about a Powerful Business Idea,John David Mann,"{""Format:"": ""Hardcover"", ""Language:"": ""English"", ""ISBN:"": ""159184200X"", ""ISBN13:"": ""9781591842002"", ""Release Date:"": ""December 2007"", ""Publisher:"": ""Portfolio"", ""Length:"": ""132 Pages"", ""Weight:"": ""0.59 lbs."", ""Dimensions:"": ""0.6\"" x 5.8\"" x 8.5\""""}",https://i.thriftbooks.com/api/imagehandler/m/3F1CB3A96DDE85157B26F8B2B61D4A5B7601837C.jpeg
Drive: The Surprising Truth about What Motivates Us,Daniel H. Pink,"{""Format:"": ""Paperback"", ""Language:"": ""English"", ""ISBN:"": ""1594484805"", ""ISBN13:"": ""9781594484803"", ""Release Date:"": ""April 2011"", ""Publisher:"": ""Riverhead Books"", ""Length:"": ""288 Pages"", ""Weight:"": ""0.73 lbs."", ""Dimensions:"": ""0.7\"" x 5.9\"" x 8.9\"""", ""Age Range:"": ""18 years and up"", ""Grade Range:"": ""Postsecondary and higher""}",https://i.thriftbooks.com/api/imagehandler/m/077CF3BFE2074806202B5734DCC7144204A66AAC.jpeg
Atlas of the Heart: Mapping Meaningful Connection and the Language of Human Experience,Brené Brown,"{""Format:"": ""Hardcover"", ""Language:"": ""English"", ""ISBN:"": ""0399592555"", ""ISBN13:"": ""9780399592553"", ""Release Date:"": ""November 2021"", ""Publisher:"": ""Random House"", ""Length:"": ""336 Pages"", ""Weight:"": ""2.20 lbs."", ""Dimensions:"": ""1.2\"" x 7.5\"" x 9.3\""""}",https://i.thriftbooks.com/api/imagehandler/m/9D917433F9F1DA45B4542F5AB7A20362D7B2DC87.jpeg
The Black Swan: Second Edition: The Impact of the Highly Improbable: With a New Section: On Robustness and Fragility,Nassim Nicholas Taleb,"{""Format:"": ""Hardcover"", ""Language:"": ""English"", ""ISBN:"": ""1400063515"", ""ISBN13:"": ""9781400063512"", ""Release Date:"": ""April 2007"", ""Publisher:"": ""Random House"", ""Length:"": ""480 Pages"", ""Weight:"": ""1.22 lbs."", ""Dimensions:"": ""1.7\"" x 6.1\"" x 9.3\""""}",https://i.thriftbooks.com/api/imagehandler/m/26945F0161C53A70092CDC2703B46BE664CCBE45.jpeg
Essentialism: The Disciplined Pursuit of Less,Greg McKeown,"{""Format:"": ""Hardcover"", ""Language:"": ""English"", ""ISBN:"": ""0804137382"", ""ISBN13:"": ""9780804137386"", ""Release Date:"": ""April 2014"", ""Publisher:"": ""Crown Currency"", ""Length:"": ""272 Pages"", ""Weight:"": ""0.78 lbs."", ""Dimensions:"": ""0.9\"" x 5.8\"" x 8.7\""""}",https://i.thriftbooks.com/api/imagehandler/m/667B406E67C65B330E055A5D27B47AF81CA00ADE.jpeg
Radical Candor: Be a Kick-Ass Boss Without Losing Your Humanity,Kim Malone Scott,"{""Format:"": ""Hardcover"", ""Language:"": ""English"", ""ISBN:"": ""1250103509"", ""ISBN13:"": ""9781250103505"", ""Release Date:"": ""March 2017"", ""Publisher:"": ""St. Martin's Press"", ""Length:"": ""272 Pages"", ""Weight:"": ""0.94 lbs."", ""Dimensions:"": ""0.9\"" x 6.4\"" x 9.5\""""}",https://i.thriftbooks.com/api/imagehandler/m/C73C922B021C63F4BE631E2BA353891019CB3B35.jpeg
Good to Great: Why Some Companies Make the Leap...and Others Don't,James C. Collins,"{""Format:"": ""Hardcover"", ""Language:"": ""English"", ""ISBN:"": ""0066620996"", ""ISBN13:"": ""9780066620992"", ""Release Date:"": ""October 2001"", ""Publisher:"": ""Harper Business"", ""Length:"": ""320 Pages"", ""Weight:"": ""1.22 lbs."", ""Dimensions:"": ""1.1\"" x 6.4\"" x 9.3\""""}",https://i.thriftbooks.com/api/imagehandler/m/9DF24707F757E0737FF4D692EDCA3949A789D091.jpeg
The Tipping Point: How Little Things Can Make a Big Difference,Malcolm Gladwell,"{""Format:"": ""Paperback"", ""Language:"": ""English"", ""ISBN:"": ""0316346624"", ""ISBN13:"": ""9780316346627"", ""Release Date:"": ""January 2002"", ""Publisher:"": ""Back Bay Books"", ""Length:"": ""304 Pages"", ""Weight:"": ""0.74 lbs."", ""Dimensions:"": ""0.9\"" x 5.4\"" x 8.1\""""}",https://i.thriftbooks.com/api/imagehandler/m/AA3D5A22DFD8E248E875867248C7E241E0102448.jpeg
The 21 Irrefutable Laws of Leadership,John C. Maxwell,"{""Format:"": ""Hardcover"", ""Language:"": ""English"", ""ISBN:"": ""0785274316"", ""ISBN13:"": ""9780785274315"", ""Release Date:"": ""January 1998"", ""Publisher:"": ""Thomas Nelson Publishers"", ""Length:"": ""256 Pages"", ""Weight:"": ""1.09 lbs."", ""Dimensions:"": ""1.0\"" x 6.1\"" x 9.5\""""}",https://i.thriftbooks.com/api/imagehandler/m/D704C0CB12B76FBE166AD1F07C6B252532C4EAB5.jpeg
The Millionaire Next Door,William D. Danko,"{""Format:"": ""Paperback"", ""Language:"": ""English"", ""ISBN:"": ""0671015206"", ""Release Date:"": ""October 1998"", ""Publisher:"": ""Gallery Books"", ""Length:"": ""272 Pages"", ""Weight:"": ""0.65 lbs."", ""Dimensions:"": ""8.3\"" x 0.8\"" x 5.3\""""}",https://m.media-amazon.com/images/I/51es1dfIB+L._SL350_.jpg
"The 4-Hour Work Week: Escape 9-5, Live Anywhere, and Join the New Rich",Timothy Ferriss,"{""Format:"": ""Hardcover"", ""Language:"": ""English"", ""ISBN:"": ""0307353133"", ""ISBN13:"": ""9780307353139"", ""Release Date:"": ""April 2007"", ""Publisher:"": ""Crown Business"", ""Length:"": ""308 Pages"", ""Weight:"": ""0.92 lbs."", ""Dimensions:"": ""1.0\"" x 5.8\"" x 8.4\""""}",https://i.thriftbooks.com/api/imagehandler/m/EFCFB5A7801D17712198A408D2A0A13A63184A31.jpeg
The Power of Habit: Why We Do What We Do in Life and Business,Charles Duhigg,"{""Format:"": ""Paperback"", ""Language:"": ""English"", ""ISBN:"": ""081298160X"", ""ISBN13:"": ""9780812981605"", ""Release Date:"": ""January 2014"", ""Publisher:"": ""Random House Trade"", ""Length:"": ""416 Pages"", ""Weight:"": ""0.78 lbs."", ""Dimensions:"": ""0.9\"" x 5.2\"" x 8.0\""""}",https://i.thriftbooks.com/api/imagehandler/m/530BE6C60B1E829EB5F47FE79426AB1C511424EE.jpeg
Start with Why: How Great Leaders Inspire Everyone to Take Action,Simon Sinek,"{""Format:"": ""Paperback"", ""Language:"": ""English"", ""ISBN:"": ""1591846447"", ""Release Date:"": ""December 2011"", ""Publisher:"": ""Portfolio"", ""Length:"": ""256 Pages"", ""Weight:"": ""0.60 lbs."", ""Dimensions:"": ""8.0\"" x 0.6\"" x 5.3\""""}",https://m.media-amazon.com/images/I/41iZulVq18L._SL350_.jpg
The Intelligent Investor REV Ed.: The Definitive Book on Value Investing,Benjamin Graham,"{""Format:"": ""Paperback"", ""Language:"": ""English"", ""ISBN:"": ""0060555661"", ""ISBN13:"": ""9780060555665"", ""Release Date:"": ""January 2003"", ""Publisher:"": ""Harper Business"", ""Length:"": ""640 Pages"", ""Weight:"": ""1.02 lbs."", ""Dimensions:"": ""1.6\"" x 5.3\"" x 8.0\""""}",https://i.thriftbooks.com/api/imagehandler/m/964732947AD2C050F49B1AF5BF220A32F624A1CA.jpeg
Who Moved My Cheese,Spencer Johnson,"{""Format:"": ""Hardcover"", ""Language:"": ""English"", ""ISBN:"": ""0399144463"", ""Release Date:"": ""September 1998"", ""Publisher:"": ""G. P. Putnam's Sons"", ""Length:"": ""96 Pages"", ""Weight:"": ""0.53 lbs."", ""Dimensions:"": ""8.6\"" x 0.6\"" x 5.5\""""}",https://m.media-amazon.com/images/I/41d47Hi0btL._SL350_.jpg
Big Magic: Creative Living Beyond Fear,Elizabeth Gilbert,"{""Format:"": ""Hardcover"", ""Language:"": ""English"", ""ISBN:"": ""1594634718"", ""ISBN13:"": ""9781594634710"", ""Release Date:"": ""September 2015"", ""Publisher:"": ""Riverhead Books"", ""Length:"": ""288 Pages"", ""Weight:"": ""1.02 lbs."", ""Dimensions:"": ""1.1\"" x 5.4\"" x 8.3\""""}",https://i.thriftbooks.com/api/imagehandler/m/36671BFEC87FA5D550EB0D95D544AB7E1E261663.jpeg
Grit: The Power of Passion and Perseverance,Angela Duckworth,"{""Format:"": ""Hardcover"", ""Language:"": ""English"", ""ISBN:"": ""1501111108"", ""ISBN13:"": ""9781501111105"", ""Release Date:"": ""May 2016"", ""Publisher:"": ""Scribner Book Company"", ""Length:"": ""352 Pages"", ""Weight:"": ""1.44 lbs."", ""Dimensions:"": ""1.4\"" x 6.3\"" x 9.1\""""}",https://i.thriftbooks.com/api/imagehandler/m/3CAD09E333B237955E82135D2F7973640545BFEE.jpeg
Rich Dad's Cashflow Quadrant: Rich Dad's Guide to Financial Freedom,Robert T. Kiyosaki,"{""Format:"": ""Paperback"", ""Language:"": ""English"", ""ISBN:"": ""0446677477"", ""ISBN13:"": ""9780446677479"", ""Release Date:"": ""January 2000"", ""Publisher:"": ""Warner Books (NY)"", ""Length:"": ""272 Pages"", ""Weight:"": ""0.76 lbs."", ""Dimensions:"": ""1.2\"" x 7.7\"" x 9.1\""""}",https://i.thriftbooks.com/api/imagehandler/m/6F2FCB8ED96A76D991C60EE97BE2147ED57C35B0.jpeg
The E-Myth Revisited: Why Most Small Businesses Don't Work and What to Do About It,Michael E. Gerber,"{""Format:"": ""Paperback"", ""Language:"": ""English"", ""ISBN:"": ""0887307280"", ""Release Date:"": ""October 2004"", ""Publisher:"": ""Harper Business"", ""Length:"": ""288 Pages"", ""Weight:"": ""0.54 lbs."", ""Dimensions:"": ""8.0\"" x 0.7\"" x 5.3\""""}",https://m.media-amazon.com/images/I/41uWUlsA1QL._SL350_.jpg
Dare to Lead: Brave Work. Tough Conversations. Whole Hearts.,Brené Brown,"{""Format:"": ""Paperback"", ""Language:"": ""English"", ""ISBN:"": ""1785042149"", ""ISBN13:"": ""9781785042140"", ""Release Date:"": ""January 2018"", ""Publisher:"": ""Vermilion"", ""Length:"": ""320 Pages"", ""Weight:"": ""0.68 lbs."", ""Dimensions:"": ""5.3\"" x 8.5\""""}",https://i.thriftbooks.com/api/imagehandler/m/2D60536B5A47D1CC903671E9AE5BE4B522853F6D.jpeg
Freakonomics: A Rogue Economist Explores the Hidden Side of Everything,Steven D. Levitt,"{""Format:"": ""Paperback"", ""Language:"": ""English"", ""ISBN:"": ""0060731338"", ""ISBN13:"": ""9780060731335"", ""Release Date:"": ""August 2009"", ""Publisher:"": ""William Morrow & Company"", ""Length:"": ""315 Pages"", ""Weight:"": ""0.60 lbs."", ""Dimensions:"": ""0.8\"" x 5.3\"" x 8.0\""""}",https://i.thriftbooks.com/api/imagehandler/m/791A60E13BF1FCFB3A91E73538CC7A6394B94A44.jpeg
Secrets of the Millionaire Mind: Mastering the Inner Game of Wealth,T. Harv Eker,"{""Format:"": ""Hardcover"", ""Language:"": ""English"", ""ISBN:"": ""0060763280"", ""ISBN13:"": ""9780060763282"", ""Release Date:"": ""February 2005"", ""Publisher:"": ""Harper Business"", ""Length:"": ""224 Pages"", ""Weight:"": ""0.71 lbs."", ""Dimensions:"": ""0.9\"" x 5.3\"" x 8.1\""""}",https://i.thriftbooks.com/api/imagehandler/m/07A8A76A58B6288584B4659DF9EDC38C5D869009.jpeg
Rising Strong: The Reckoning. the Rumble. the Revolution.,Brené Brown,"{""Format:"": ""Hardcover"", ""Language:"": ""English"", ""ISBN:"": ""0812995821"", ""ISBN13:"": ""9780812995824"", ""Release Date:"": ""August 2015"", ""Publisher:"": ""Random House"", ""Length:"": ""336 Pages"", ""Weight:"": ""1.02 lbs."", ""Dimensions:"": ""1.1\"" x 5.7\"" x 8.4\""""}",https://i.thriftbooks.com/api/imagehandler/m/EA05A25EED25C9D3DF91E6DF3F4A09E894F4803F.jpeg
Getting to Yes: Negotiating Agreement Without Giving In,Bruce Patton,"{""Format:"": ""Paperback"", ""Language:"": ""English"", ""ISBN:"": ""0143118757"", ""Release Date:"": ""May 2011"", ""Publisher:"": ""Penguin Books"", ""Length:"": ""240 Pages"", ""Weight:"": ""0.45 lbs."", ""Dimensions:"": ""7.7\"" x 0.6\"" x 5.0\""""}",https://m.media-amazon.com/images/I/51vcylss4nL._SL350_.jpg
The Compound Effect: Multiplying Your Success One Simple Step at a Time,Darren Hardy,"{""Format:"": ""Paperback"", ""Language:"": ""English"", ""ISBN:"": ""159315724X"", ""ISBN13:"": ""9781593157241"", ""Release Date:"": ""October 2012"", ""Publisher:"": ""Vanguard Press"", ""Length:"": ""172 Pages"", ""Weight:"": ""0.42 lbs."", ""Dimensions:"": ""0.6\"" x 5.4\"" x 7.4\""""}",https://i.thriftbooks.com/api/imagehandler/m/93835415E440A95EFA04BB5D5BB0CF5953ACA805.jpeg
Extreme Ownership: How U.S. Navy Seals Lead and Win,Jocko Willink,"{""Format:"": ""Hardcover"", ""Language:"": ""English"", ""ISBN:"": ""1250067057"", ""ISBN13:"": ""9781250067050"", ""Release Date:"": ""October 2015"", ""Publisher:"": ""St. Martin's Press"", ""Length:"": ""320 Pages"", ""Weight:"": ""0.87 lbs."", ""Dimensions:"": ""1.2\"" x 5.9\"" x 8.1\""""}",https://i.thriftbooks.com/api/imagehandler/m/C80DF0D89B029114A1714B620334072740183D1E.jpeg
"The Automatic Millionaire, Canadian Edition: A Powerful One-Step Plan to Live and Finish Rich (Canadian Edition)",David Bach,"{""Format:"": ""Hardcover"", ""Language:"": ""English"", ""ISBN:"": ""0385660243"", ""ISBN13:"": ""9780385660242"", ""Release Date:"": ""December 2003"", ""Publisher:"": ""Doubleday Canada"", ""Length:"": ""215 Pages"", ""Weight:"": ""0.94 lbs.""}",https://i.thriftbooks.com/api/imagehandler/m/ADD5684E60FB6930C583931597932F00E950E1E8.jpeg
Made to Stick: Why Some Ideas Survive and Others Die,Chip Heath,"{""Format:"": ""Hardcover"", ""Language:"": ""English"", ""ISBN:"": ""1400064287"", ""ISBN13:"": ""9781400064281"", ""Release Date:"": ""January 2007"", ""Publisher:"": ""Random House"", ""Length:"": ""336 Pages"", ""Weight:"": ""1.18 lbs."", ""Dimensions:"": ""1.1\"" x 5.9\"" x 8.3\""""}",https://i.thriftbooks.com/api/imagehandler/m/B007B162184CF4239D77B396E51E645A3186CF5A.jpeg
The Speed of Trust: The One Thing that Changes Everything,Stephen M.R. Covey,"{""Format:"": ""Hardcover"", ""Language:"": ""English"", ""ISBN:"": ""074329730X"", ""Release Date:"": ""October 2006"", ""Publisher:"": ""Simon & Schuster"", ""Length:"": ""384 Pages"", ""Weight:"": ""1.22 lbs."", ""Dimensions:"": ""1.2\"" x 6.3\"" x 9.2\""""}",https://m.media-amazon.com/images/I/410uiEmzF9L._SL350_.jpg
Failing Forward: How to Make the Most of Your Mistakes,John C. Maxwell,"{""Format:"": ""Hardcover"", ""Language:"": ""English"", ""ISBN:"": ""0785274308"", ""ISBN13:"": ""9780785274308"", ""Release Date:"": ""March 2000"", ""Publisher:"": ""Thomas Nelson Publishers"", ""Length:"": ""224 Pages"", ""Weight:"": ""1.08 lbs."", ""Dimensions:"": ""0.8\"" x 6.2\"" x 9.3\""""}",https://i.thriftbooks.com/api/imagehandler/m/E9EE6BC5C00D132412D170FDBA5D835B666BCA2F.jpeg
Traction: Get a Grip on Your Business,Gino Wickman,"{""Format:"": ""Paperback"", ""Language:"": ""English"", ""ISBN:"": ""1936661837"", ""ISBN13:"": ""9781936661831"", ""Release Date:"": ""April 2012"", ""Publisher:"": ""Benbella Books"", ""Length:"": ""246 Pages"", ""Weight:"": ""0.75 lbs."", ""Dimensions:"": ""0.8\"" x 6.0\"" x 8.9\""""}",https://i.thriftbooks.com/api/imagehandler/m/570D7624448038C74C12CE380DA7ED6C24DB7292.jpeg
Built to Last,Jerry I. Porras,"{""Format:"": ""Hardcover"", ""Language:"": ""English"", ""ISBN:"": ""0887306713"", ""Release Date:"": ""September 1994"", ""Publisher:"": ""HarperBus"", ""Weight:"": ""1.55 lbs."", ""Dimensions:"": ""9.8\"" x 6.5\"" x 1.3\""""}",https://m.media-amazon.com/images/I/513bq8xEryL._SL350_.jpg
The Lean Startup: How Today's Entrepreneurs Use Continuous Innovation to Create Radically Successful Businesses,Eric Ries,"{""Format:"": ""Hardcover"", ""Language:"": ""English"", ""ISBN:"": ""0307887898"", ""ISBN13:"": ""9780307887894"", ""Release Date:"": ""September 2011"", ""Publisher:"": ""Crown Currency"", ""Length:"": ""336 Pages"", ""Weight:"": ""0.92 lbs."", ""Dimensions:"": ""1.2\"" x 5.8\"" x 8.4\""""}",https://i.thriftbooks.com/api/imagehandler/m/344F74C306FF48733F1738F423634AC1FF06E61C.jpeg
Leadership and Self-Deception: Getting Out of the Box,The Arbinger Institute,"{""Format:"": ""Paperback"", ""Language:"": ""English"", ""ISBN:"": ""1576751740"", ""ISBN13:"": ""9781576751749"", ""Release Date:"": ""February 2002"", ""Publisher:"": ""Berrett-Koehler Publishers"", ""Length:"": ""192 Pages"", ""Weight:"": ""0.55 lbs."", ""Dimensions:"": ""0.6\"" x 5.6\"" x 8.5\""""}",https://i.thriftbooks.com/api/imagehandler/m/BC8513A4A0F126147C0F973A55D01E5AC9F9AF20.jpeg
"How Successful People Think: Change Your Thinking, Change Your Life",John C. Maxwell,"{""Format:"": ""Hardcover"", ""Language:"": ""English"", ""ISBN:"": ""1599951681"", ""ISBN13:"": ""9781599951683"", ""Release Date:"": ""June 2009"", ""Publisher:"": ""Center Street"", ""Length:"": ""160 Pages"", ""Weight:"": ""0.40 lbs."", ""Dimensions:"": ""0.6\"" x 4.8\"" x 6.6\""""}",https://i.thriftbooks.com/api/imagehandler/m/F1C36F24DB49D8742B3E3EAA04BC100E0FE6A4C9.jpeg
The Innovator's Dilemma: The Revolutionary Book That Will Change the Way You Do Business,Clayton M. Christensen,"{""Format:"": ""Paperback"", ""Language:"": ""English"", ""ISBN:"": ""0060521996"", ""ISBN13:"": ""9780060521998"", ""Release Date:"": ""January 2003"", ""Publisher:"": ""Harper Paperbacks"", ""Length:"": ""286 Pages"", ""Weight:"": ""0.56 lbs."", ""Dimensions:"": ""0.8\"" x 5.3\"" x 8.0\""""}",https://i.thriftbooks.com/api/imagehandler/m/4A24554136282E1B275B127680DB7347200927F1.jpeg
Fyi: For Your Improvement: A Guide for Development and Coaching,Robert W. Eichinger,"{""Format:"": ""Paperback"", ""Language:"": ""English"", ""ISBN:"": ""096557122X"", ""ISBN13:"": ""9780965571227"", ""Release Date:"": ""January 1998"", ""Publisher:"": ""Lominger International"", ""Length:"": ""1 Pages"", ""Weight:"": ""1.47 lbs.""}",https://m.media-amazon.com/images/I/41oPXP1cwVL._SL350_.jpg
Leading Change,John P. Kotter,"{""Format:"": ""Hardcover"", ""Language:"": ""English"", ""ISBN:"": ""0875847471"", ""ISBN13:"": ""9780875847474"", ""Release Date:"": ""September 1996"", ""Publisher:"": ""Harvard Business Review Press"", ""Length:"": ""208 Pages"", ""Weight:"": ""1.03 lbs."", ""Dimensions:"": ""0.8\"" x 6.4\"" x 9.5\""""}",https://i.thriftbooks.com/api/imagehandler/m/1C0C292AE3BD3A8C2F242E4AB98A6BF66A2FA4BA.jpeg
Primal Leadership: Learning to Lead with Emotional Intelligence,Daniel Goleman,"{""Format:"": ""Paperback"", ""Language:"": ""English"", ""ISBN:"": ""1591391849"", ""ISBN13:"": ""9781591391845"", ""Release Date:"": ""January 2004"", ""Publisher:"": ""Harvard Business Review Press"", ""Length:"": ""336 Pages"", ""Weight:"": ""0.78 lbs."", ""Dimensions:"": ""0.9\"" x 5.6\"" x 8.3\""""}",https://i.thriftbooks.com/api/imagehandler/m/00828ED1D8D675EEDD669B3CEFD9D7E5747DDD85.jpeg
The Advantage: Why Organizational Health Trumps Everything Else in Business,Patrick Lencioni,"{""Format:"": ""Hardcover"", ""Language:"": ""English"", ""ISBN:"": ""0470941529"", ""ISBN13:"": ""9780470941522"", ""Release Date:"": ""March 2012"", ""Publisher:"": ""Jossey-Bass"", ""Length:"": ""240 Pages"", ""Weight:"": ""0.88 lbs."", ""Dimensions:"": ""0.9\"" x 6.3\"" x 9.1\""""}",https://i.thriftbooks.com/api/imagehandler/m/01C0ED7AAD7FF87470F687AC1396C83A66F48488.jpeg
"First, Break All the Rules: What the Worlds Greatest Managers Do Differently",Marcus Buckingham,"{""Format:"": ""Hardcover"", ""Language:"": ""English"", ""ISBN:"": ""0684852861"", ""ISBN13:"": ""9780684852867"", ""Release Date:"": ""May 1999"", ""Publisher:"": ""Simon & Schuster"", ""Length:"": ""272 Pages"", ""Weight:"": ""1.20 lbs."", ""Dimensions:"": ""1.2\"" x 6.6\"" x 9.6\""""}",https://i.thriftbooks.com/api/imagehandler/m/C6AB7E6EE8BE7C6A0E94C7D42A3F208C263B1ABC.jpeg
Becoming a Person of Influence: How to Positively Impact the Lives of Others,John C. Maxwell,"{""Format:"": ""Hardcover"", ""Language:"": ""English"", ""ISBN:"": ""0785271007"", ""ISBN13:"": ""9780785271000"", ""Release Date:"": ""August 1997"", ""Publisher:"": ""Thomas Nelson Publishers"", ""Length:"": ""214 Pages"", ""Weight:"": ""1.10 lbs."", ""Dimensions:"": ""0.9\"" x 6.4\"" x 9.2\""""}",https://i.thriftbooks.com/api/imagehandler/m/4EC11ED7526814E909C3F17999EE1644ECE51C1A.jpeg
Zig Ziglar's Secrets of Closing the Sale,Zig Ziglar,"{""Format:"": ""Paperback"", ""Language:"": ""English"", ""ISBN:"": ""0425081028"", ""ISBN13:"": ""9780425081020"", ""Release Date:"": ""September 1985"", ""Publisher:"": ""Berkley Books"", ""Length:"": ""410 Pages"", ""Weight:"": ""0.70 lbs."", ""Dimensions:"": ""1.2\"" x 5.3\"" x 8.2\"""", ""Age Range:"": ""18 years and up"", ""Grade Range:"": ""Postsecondary and higher""}",https://i.thriftbooks.com/api/imagehandler/m/802D795F796FE6E8C01B791F06681D5A377944D1.jpeg
The Leadership Challenge: How to Make Extraordinary Things Happen in Organizations,Barry Z. Posner,"{""Format:"": ""Hardcover"", ""Language:"": ""English"", ""ISBN:"": ""1119278961"", ""ISBN13:"": ""9781119278962"", ""Release Date:"": ""April 2017"", ""Publisher:"": ""Jossey-Bass"", ""Length:"": ""400 Pages"", ""Weight:"": ""1.73 lbs."", ""Dimensions:"": ""1.1\"" x 6.4\"" x 9.1\""""}",https://i.thriftbooks.com/api/imagehandler/m/334807E2E4A512743C832077113A0D70B30E029C.jpeg
It's Your Ship: Management Techniques from the Best Damn Ship in the Navy,D. Michael Abrashoff,"{""Format:"": ""Hardcover"", ""Language:"": ""English"", ""ISBN:"": ""145552302X"", ""ISBN13:"": ""9781455523023"", ""Release Date:"": ""October 2012"", ""Publisher:"": ""Grand Central Publishing"", ""Length:"": ""240 Pages"", ""Weight:"": ""1.23 lbs."", ""Dimensions:"": ""1.0\"" x 6.2\"" x 9.1\""""}",https://i.thriftbooks.com/api/imagehandler/m/C1C206141E3E702379A3019CC1472C8775129C78.jpeg
The 22 Immutable Laws of Marketing: Violate Them at Your Own Risk!,Al Ries,"{""Format:"": ""Paperback"", ""Language:"": ""English"", ""ISBN:"": ""0887306667"", ""Release Date:"": ""April 1994"", ""Publisher:"": ""HarperBusiness"", ""Length:"": ""143 Pages"", ""Weight:"": ""0.28 lbs."", ""Dimensions:"": ""8.0\"" x 0.4\"" x 5.3\""""}",https://m.media-amazon.com/images/I/41MclR3KoiL._SL350_.jpg
